Ingredient List,Product Type,Marketing Category,brand_name,count_products,ct_applications
".ALPHA.-TOCOPHEROL ACETATE, D-; SODIUM SELENITE",PRESCRIPTION ANIMAL DRUG,NADA,BO-SE,1,1
ACEPROMAZINE MALEATE,PRESCRIPTION ANIMAL DRUG,ANADA,"Acepromazine maleate,ACEPROMAZINE MALEATE",2,1
ACEPROMAZINE MALEATE,PRESCRIPTION ANIMAL DRUG,NADA,"Acepromazine maleate,Acepromazine Maleate,PromAce",3,2
AFOXOLANER,PRESCRIPTION ANIMAL DRUG,NADA,NexGard,1,1
AFOXOLANER; MOXIDECTIN; PYRANTEL PAMOATE,PRESCRIPTION ANIMAL DRUG,NADA,NexGard PLUS,1,1
AFOXOLANER; PYRANTEL PAMOATE; MOXIDECTIN,PRESCRIPTION ANIMAL DRUG,NADA,NexGard PLUS,1,1
AIR,PRESCRIPTION ANIMAL DRUG,NADA,Air,1,11
AIR; CARBON DIOXIDE,PRESCRIPTION ANIMAL DRUG,NADA,Carbon Dioxide Air,1,1
ALBENDAZOLE,OTC ANIMAL DRUG,NADA,Valbazen,1,1
ALFAXALONE,PRESCRIPTION ANIMAL DRUG,NADA,ALFAXAN MULTIDOSE,1,1
ALTRENOGEST,OTC ANIMAL DRUG,ANADA,SwineMate,1,1
ALTRENOGEST,OTC ANIMAL DRUG,NADA,Matrix,1,1
ALTRENOGEST,PRESCRIPTION ANIMAL DRUG,ANADA,"Altren,OvaMed",2,2
ALTRENOGEST,PRESCRIPTION ANIMAL DRUG,NADA,ReguMate,1,1
AMIKACIN SULFATE,PRESCRIPTION ANIMAL DRUG,NADA,Amiglyde-V,1,1
AMOXICILLIN,PRESCRIPTION ANIMAL DRUG,NADA,"Amoxi-Drop,Amoxi-Mast,Amoxi-Tabs,Biomox",4,6
AMOXICILLIN ANHYDROUS; CLAVULANATE POTASSIUM,PRESCRIPTION ANIMAL DRUG,ANADA,"Betacilin Clav Drops,Clavacillin",2,2
AMOXICILLIN; CLAVULANATE POTASSIUM,PRESCRIPTION ANIMAL DRUG,ANADA,"Amoxicillin and clavulanate potassium,Amoxicillin and Clavulanate Potassium,Betacilin Clav,Kesium,UMBRELLIN",5,2
AMOXICILLIN; CLAVULANATE POTASSIUM,PRESCRIPTION ANIMAL DRUG,NADA,"Clavamox,Clavamox Drops",2,2
AMPICILLIN SODIUM,PRESCRIPTION ANIMAL DRUG,ANADA,Ampicillin Sodium,1,1
AMPICILLIN TRIHYDRATE,PRESCRIPTION ANIMAL DRUG,ANADA,Ampicillin,1,1
AMPICILLIN TRIHYDRATE,PRESCRIPTION ANIMAL DRUG,NADA,POLYFLEX,1,1
AMPROLIUM,OTC ANIMAL DRUG,ANADA,"Amprid FOR CALVES,AmproMed-P FOR POULTRY,AmproMed FOR CALVES,Cocci-Cure C FOR CALVES,Cocci Cure P FOR POULTRY,CocciAid,CocciAid for Calves",7,4
AMPROLIUM,OTC ANIMAL DRUG,NADA,"Amprol,Amprol 128,CORID",3,2
AMPROLIUM,OTC TYPE A MEDICATED ARTICLE ANIMAL DRUG,NADA,"Amprol 25 Type A Medicated Article,CORID Type A Medicated Article",2,1
AMPROLIUM ION,OTC ANIMAL DRUG,NADA,CORID,1,1
ATIPAMEZOLE HYDROCHLORIDE,PRESCRIPTION ANIMAL DRUG,ANADA,"atipamezole hydrochloride,CONTRASED,Cropamezole,Inversedine,Revertased,REVERTIDINE",6,3
ATIPAMEZOLE HYDROCHLORIDE,PRESCRIPTION ANIMAL DRUG,NADA,Antisedan,1,1
ATLANTIC SALMON TRANSGENIC WHOLE (OPAFP-GHC2 RDNA CONSTRUCT INSERTED INTO .ALPHA.-LOCUS IN THE EO-1.ALPHA. LINEAGE)ATLANTIC SALMON TRANSGENIC WHOLE (OPAFP-GHC2 RDNA CONSTRUCT INSERTED INTO .ALPHA.-LOCUS IN THE EO-1.ALPHA. LINEAGE),INTENTIONAL ANIMAL GENOMIC ALTERATION,NADA,AquAdvantage Salmon,1,1
AVILAMYCIN,VFD TYPE A MEDICATED ARTICLE ANIMAL DRUG,NADA,"Inteprity,Kavault",2,2
BACITRACIN METHYLENEDISALICYLATE,OTC TYPE A MEDICATED ARTICLE ANIMAL DRUG,NADA,"BMD,BMD Soluble,Pennitracin MD 50G",3,3
BAMBERMYCINS,OTC TYPE A MEDICATED ARTICLE ANIMAL DRUG,NADA,"Flavomycin,Gainpro 10",2,2
BC2371 RDNA CONSTRUCT ON CHROMOSOME 3P1.1-2 IN R69 NEW ZEALAND WHITE RABBITS,INTENTIONAL ANIMAL GENOMIC ALTERATION,NADA,Bc2371 rDNA construct on chromosome 3p1.1-2 in R69 New Zealand white rabbits,1,1
BEDINVETMAB,PRESCRIPTION ANIMAL DRUG,NADA,Librela,1,1
BENAZEPRIL HYDROCHLORIDE; SPIRONOLACTONE,PRESCRIPTION ANIMAL DRUG,NADA,CARDALIS,1,1
BETAMETHASONE ACETATE; BETAMETHASONE SODIUM PHOSPHATE,PRESCRIPTION ANIMAL DRUG,NADA,BetaVet,1,1
BETAMETHASONE ACETATE; GENTAMICIN SULFATE,PRESCRIPTION ANIMAL DRUG,NADA,Gentocin Durafilm,1,1
BETAMETHASONE ACETATE; TERBINAFINE,PRESCRIPTION ANIMAL DRUG,NADA,DuOtic,1,1
BETAMETHASONE VALERATE; GENTAMICIN SULFATE,PRESCRIPTION ANIMAL DRUG,ANADA,GenOne,1,1
BEXAGLIFLOZIN,PRESCRIPTION ANIMAL DRUG,NADA,Bexacat,1,1
BUPIVACAINE,PRESCRIPTION ANIMAL DRUG,NADA,NOCITA,1,1
BUPRENORPHINE,PRESCRIPTION ANIMAL DRUG,NADA,Zorbium,1,1
BUPRENORPHINE HYDROCHLORIDE,PRESCRIPTION ANIMAL DRUG,NADA,Simbadol,1,1
BUTORPHANOL TARTRATE,PRESCRIPTION ANIMAL DRUG,ANADA,"Butorphic,Dolorex,Torphadine",3,3
BUTORPHANOL TARTRATE,PRESCRIPTION ANIMAL DRUG,NADA,Torbugesic,1,1
BUTYLSCOPOLAMINE BROMIDE,PRESCRIPTION ANIMAL DRUG,NADA,Buscopan,1,1
CAPROMORELIN,PRESCRIPTION ANIMAL DRUG,NADA,Elura,1,1
CAPROMORELIN TARTRATE,PRESCRIPTION ANIMAL DRUG,NADA,Entyce,1,1
CARBADOX,OTC TYPE A MEDICATED ARTICLE ANIMAL DRUG,NADA,Mecadox,1,1
CARBON DIOXIDE,PRESCRIPTION ANIMAL DRUG,NADA,"Air 90% Carbon Dioxide 10%,Carbon Dioxide,Carbon Dioxide Oxygen,Carbon Dioxide Oxygen Mixture 5/95,Carbon Dioxide Refrigerated",5,6
CARPROFEN,PRESCRIPTION ANIMAL DRUG,ANADA,"Carofenvet,Carprieve,Carprofen,CARPROFEN,Carprofen Sterile Injectable,Carprovet,Carprovet Flavored,Carprovet Sterile Injectable,FLEXPROFEN,Levafen,LEVAFEN,MOVODYL,Novox,Novox Chewable,OstiFen,Quellin,TRUPROFEN FLAVORED TAB,Vetprofen",18,16
CARPROFEN,PRESCRIPTION ANIMAL DRUG,NADA,"RIMADYL,Rimadyl Caplets,Rimadyl Sterile,Rovera",4,3
CEFOVECIN SODIUM,PRESCRIPTION ANIMAL DRUG,ANADA,Solovecin,1,1
CEFOVECIN SODIUM,PRESCRIPTION ANIMAL DRUG,NADA,Convenia,1,1
CEFPODOXIME PROXETIL,PRESCRIPTION ANIMAL DRUG,ANADA,"Cefpoderm,Cefpodoxime Proxetil,DermaCeph",3,2
CEFPODOXIME PROXETIL,PRESCRIPTION ANIMAL DRUG,NADA,Simplicef,1,1
CEFTIOFUR,PRESCRIPTION ANIMAL DRUG,NADA,"Excede for Swine Sterile,Excede Sterile",2,2
CEFTIOFUR HYDROCHLORIDE,PRESCRIPTION ANIMAL DRUG,ANADA,Cefenil RTU,1,1
CEFTIOFUR HYDROCHLORIDE,PRESCRIPTION ANIMAL DRUG,NADA,"Excenel RTU EZ,Spectramast DC,Spectramast LC",3,3
CEFTIOFUR SODIUM,PRESCRIPTION ANIMAL DRUG,NADA,Naxcel,1,1
CEPHALEXIN,PRESCRIPTION ANIMAL DRUG,NADA,RILEXINE,1,1
CEPHAPIRIN BENZATHINE,PRESCRIPTION ANIMAL DRUG,NADA,ToMORROW,1,1
CEPHAPIRIN SODIUM,PRESCRIPTION ANIMAL DRUG,NADA,ToDAY,1,1
CHLORAMINE-T TRIHYDRATE,OTC ANIMAL DRUG,NADA,Halamid,1,1
CHLORAMPHENICOL,PRESCRIPTION ANIMAL DRUG,NADA,Viceton,1,1
CHLORTETRACYCLINE,VFD TYPE A MEDICATED ARTICLE ANIMAL DRUG,NADA,ChlorMax 50,1,1
CHLORTETRACYCLINE CALCIUM,VFD TYPE A MEDICATED ARTICLE ANIMAL DRUG,ANADA,"Deracin 100 Meal,Deracin 50 Meal,Deracin 90 Meal",3,1
CHLORTETRACYCLINE CALCIUM,VFD TYPE A MEDICATED ARTICLE ANIMAL DRUG,NADA,"Pennchlor 100 Hi-Flo,Pennchlor 100G,Pennchlor 50,Pennchlor 50G,Pennchlor 90G",5,1
CHLORTETRACYCLINE HYDROCHLORIDE,PRESCRIPTION ANIMAL DRUG,ANADA,"CHLORTETRACYCLINE HYDROCHLORIDE,Pennchlor 64",2,2
CHLORTETRACYCLINE HYDROCHLORIDE,VFD TYPE A MEDICATED ARTICLE ANIMAL DRUG,NADA,"Aureomycin,AUREOMYCIN,Aureomycin 90 Meal,CLTC 100 MR",4,2
CHLORTETRACYCLINE; SULFAMETHAZINE,VFD TYPE A MEDICATED ARTICLE ANIMAL DRUG,NADA,AUREOMIX S 40/40 GRANULAR,1,1
CICLESONIDE,PRESCRIPTION ANIMAL DRUG,NADA,Aservo EquiHaler,1,1
CLAVULANATE POTASSIUM; AMOXICILLIN,PRESCRIPTION ANIMAL DRUG,ANADA,"Amoxicillin and clavulanate potassium,Amoxicillin and Clavulanate Potassium,Betacilin Clav,Clavacillin,Kesium,UMBRELLIN",6,3
CLAVULANATE POTASSIUM; AMOXICILLIN,PRESCRIPTION ANIMAL DRUG,NADA,Clavamox,1,1
CLAVULANATE POTASSIUM; AMOXICILLIN ANHYDROUS,PRESCRIPTION ANIMAL DRUG,ANADA,"Amoxicillin and Clavulanate Potassium Drops,Clavacillin,Umbrellin",3,2
CLENBUTEROL HYDROCHLORIDE,PRESCRIPTION ANIMAL DRUG,NADA,Ventipulmin,1,1
CLINDAMYCIN HYDROCHLORIDE,PRESCRIPTION ANIMAL DRUG,ANADA,"CLINDA-GUARD DROPS,ClindaCure,Clindamycin,Clindamycin HCl Oral drops,Clindamycin Hydrochloride,Clindamycin Hydrochloride Oral Drops,CLINTABS,ZydaClin",8,4
CLINDAMYCIN HYDROCHLORIDE,PRESCRIPTION ANIMAL DRUG,NADA,"Antirobe,Antirobe Aquadrops",2,2
CLODRONATE DISODIUM,PRESCRIPTION ANIMAL DRUG,NADA,OSPHOS,1,1
CLOMIPRAMINE HYDROCHLORIDE,PRESCRIPTION ANIMAL DRUG,ANADA,"Calmera,CaniQuell,clomipramine hydrochloride,Clomipramine Hydrochloride",4,2
CLOMIPRAMINE HYDROCHLORIDE,PRESCRIPTION ANIMAL DRUG,NADA,CLOMICALM,1,1
CLOPIDOL,OTC TYPE A MEDICATED ARTICLE ANIMAL DRUG,NADA,Coyden Type A Medicated Article,1,1
CLOPROSTENOL SODIUM,PRESCRIPTION ANIMAL DRUG,ANADA,"ESTROPLAN,SYNCHSURE",2,1
CLOPROSTENOL SODIUM,PRESCRIPTION ANIMAL DRUG,NADA,Estrumate,1,1
CLORSULON; IVERMECTIN,OTC ANIMAL DRUG,ANADA,"Ivermax Plus,Ivermax Plus for Cattle,Vetrimec Plus",3,2
CLOXACILLIN BENZATHINE,PRESCRIPTION ANIMAL DRUG,NADA,"Dry-Clox,Orbenin-DC",2,2
COPPER NAPHTHENATE,OTC ANIMAL DRUG,ANADA,"D-THRUSH,KOPERTOX,PRITOX,THRUSH RELIEF,THRUSHTOX",5,1
COSYNTROPIN,PRESCRIPTION ANIMAL DRUG,NADA,CosACTHen,1,1
CUPRIC CARBONATE; ZINC OXIDE; SODIUM SELENITE; MANGANESE CARBONATE,PRESCRIPTION ANIMAL DRUG,NADA,Multimin 90,1,1
CYCLOSPORINE,PRESCRIPTION ANIMAL DRUG,ANADA,"CYCLAVANCE,Modulis for Cats,Modulis for Dogs,Sporimune",4,4
CYCLOSPORINE,PRESCRIPTION ANIMAL DRUG,NADA,"Atopica,Atopica for Cats,Optimmune Ophthalmic",3,3
DANOFLOXACIN MESYLATE,PRESCRIPTION ANIMAL DRUG,NADA,Advocin,1,1
DECOQUINATE,OTC TYPE A MEDICATED ARTICLE ANIMAL DRUG,NADA,"Deccox,Deccox M",2,2
DERACOXIB,PRESCRIPTION ANIMAL DRUG,ANADA,"Coxiba,Deracoxib,DOXIDYL Chewable,OstiMax Chewable,Rederox",5,2
DERACOXIB,PRESCRIPTION ANIMAL DRUG,NADA,Deramaxx,1,1
DESOXYCORTICOSTERONE PIVALATE,PRESCRIPTION ANIMAL DRUG,NADA,"Percorten V,ZYCORTAL",2,2
DETOMIDINE HYDROCHLORIDE,PRESCRIPTION ANIMAL DRUG,ANADA,"Detomequin,DetomiSed",2,2
DETOMIDINE HYDROCHLORIDE,PRESCRIPTION ANIMAL DRUG,NADA,"Dormosedan,Dormosedan Sterile",2,2
DEXAMETHASONE,PRESCRIPTION ANIMAL DRUG,ANADA,"DEXAMETHASONE,DEXASONE,Dexium",3,2
DEXAMETHASONE SODIUM PHOSPHATE,PRESCRIPTION ANIMAL DRUG,ANADA,"Dexamethasone SP,Dexium-SP",2,1
DEXMEDETOMIDINE,PRESCRIPTION ANIMAL DRUG,NADA,Sileo,1,1
DEXMEDETOMIDINE HYDROCHLORIDE,PRESCRIPTION ANIMAL DRUG,ANADA,"Dexased,Dexmedesed,Dexmedetomidine Hydrochloride,DEXMEDETOMIDINE HYDROCHLORIDE,DexmedVet,Sedexodine",6,4
DEXMEDETOMIDINE HYDROCHLORIDE,PRESCRIPTION ANIMAL DRUG,NADA,Dexdomitor,1,1
DICLAZURIL,OTC TYPE A MEDICATED ARTICLE ANIMAL DRUG,NADA,Clinacox,1,1
DICLAZURIL,PRESCRIPTION ANIMAL DRUG,NADA,Protazil,1,1
DICLOFENAC SODIUM,PRESCRIPTION ANIMAL DRUG,NADA,Surpass,1,1
DIMETHYL SULFOXIDE; FLUOCINOLONE ACETONIDE,PRESCRIPTION ANIMAL DRUG,NADA,Synotic Otic Otic,1,1
DINITOLMIDE,OTC TYPE A MEDICATED ARTICLE ANIMAL DRUG,ANADA,ZoaShield,1,1
DINITOLMIDE,OTC TYPE A MEDICATED ARTICLE ANIMAL DRUG,NADA,Zoamix,1,1
DINOPROST TROMETHAMINE,PRESCRIPTION ANIMAL DRUG,ANADA,ProstaMate Sterile,1,1
DINOPROST TROMETHAMINE,PRESCRIPTION ANIMAL DRUG,NADA,"Lutalyse HighCon Sterile,Lutalyse Sterile",2,2
DOMPERIDONE,PRESCRIPTION ANIMAL DRUG,NADA,Equidone,1,1
DORAMECTIN,OTC ANIMAL DRUG,ANADA,"DectoGard Pour-On,Doracide Pour-On,Doraject,Doramectin,Doramectin Pour-On",5,3
DORAMECTIN,OTC ANIMAL DRUG,NADA,"Dectomax,Dectomax Pour-On",2,2
DOXYCYCLINE HYCLATE,PRESCRIPTION ANIMAL DRUG,NADA,Doxirobe Gel,1,1
EMODEPSIDE; PRAZIQUANTEL,PRESCRIPTION ANIMAL DRUG,NADA,PROFENDER,1,1
ENROFLOXACIN,PRESCRIPTION ANIMAL DRUG,ANADA,"Enroflox,Enroflox 100,Enrofloxacin,Enrofloxacin 100,Enrofloxacin Flavored,EnroMed,EnroPro 100,EnroPro 22.7,Enroquin,Enroquin Flavored,Enrosite,Enrosite Flavored,Fluroxin Flavored,Fluroxin for Dogs 2.27%,Quellaxcin,Tenotryl",16,12
ENROFLOXACIN,PRESCRIPTION ANIMAL DRUG,NADA,Baytril,1,2
ENROFLOXACIN; BUTYL ALCOHOL,PRESCRIPTION ANIMAL DRUG,NADA,Baytril,1,1
ENROFLOXACIN; SILVER SULFADIAZINE,PRESCRIPTION ANIMAL DRUG,ANADA,"EnroPro Silver Otic,Enrosite Silver Otic",2,1
ENROFLOXACIN; SILVER SULFADIAZINE,PRESCRIPTION ANIMAL DRUG,NADA,BAYTRIL OTIC,1,1
EPRINOMECTIN,OTC ANIMAL DRUG,ANADA,"EpriGard Pour-On for Beef and Dairy Cattle,Eprimectin,Eprizero",3,3
EPRINOMECTIN,OTC ANIMAL DRUG,NADA,EPRINEX Pour-On for Beef and Dairy Cattle,1,1
EPRINOMECTIN,PRESCRIPTION ANIMAL DRUG,NADA,LongRange,1,1
EPSIPRANTEL,PRESCRIPTION ANIMAL DRUG,NADA,Cestex,1,1
ESTRADIOL,OTC ANIMAL DRUG,NADA,"Compudose,Encore",2,1
ESTRADIOL BENZOATE; PROGESTERONE,OTC ANIMAL DRUG,NADA,"Component E-C,Synovex S",2,2
ESTRADIOL BENZOATE; TRENBOLONE ACETATE,OTC ANIMAL DRUG,NADA,"Synovex Choice,Synovex One,Synovex Plus,Synovex Primer",4,2
ESTRADIOL; TRENBOLONE ACETATE,OTC ANIMAL DRUG,ANADA,Component TE-G,1,1
ESTRADIOL; TRENBOLONE ACETATE,OTC ANIMAL DRUG,NADA,"Revalor-200,Revalor-S,Revalor-XS,Revalor XH",4,3
ESTRIOL,PRESCRIPTION ANIMAL DRUG,NADA,Incurin,1,1
FEBANTEL; PRAZIQUANTEL; PYRANTEL PAMOATE,OTC ANIMAL DRUG,NADA,Durvet Dog Worm Tabs for Large Dogs,1,1
FEBANTEL; PYRANTEL PAMOATE; PRAZIQUANTEL,OTC ANIMAL DRUG,NADA,Durvet Dog Worm Tabs for Medium Dogs,1,1
FEBANTEL; PYRANTEL PAMOATE; PRAZIQUANTEL,PRESCRIPTION ANIMAL DRUG,NADA,"Drontal Plus,DRONTAL PLUS TASTE TABS",2,1
FENBENDAZOLE,OTC ANIMAL DRUG,ANADA,Defendazole,1,1
FENBENDAZOLE,OTC ANIMAL DRUG,NADA,"Panacur,Panacur C Canine,Safe-guard,Safe-Guard,Safe-Guard AquaSol",5,6
FENBENDAZOLE,PRESCRIPTION ANIMAL DRUG,NADA,Panacur,1,2
FIROCOXIB,PRESCRIPTION ANIMAL DRUG,ANADA,"EquiCoxib,Firocoxib,Firocoxib for Dogs,Firocoxib for Horses,Firovet,Firox,Flexira,OstiCoxib",8,5
FIROCOXIB,PRESCRIPTION ANIMAL DRUG,NADA,"EQUIOXX,PREVICOX",2,2
FLORFENICOL,PRESCRIPTION ANIMAL DRUG,ANADA,"FLORCON,Florfenicol,Florfeniject,Loncor 300,Norfenicol",5,5
FLORFENICOL,PRESCRIPTION ANIMAL DRUG,NADA,"Nuflor,Nuflor-S",2,1
FLORFENICOL,VFD TYPE A MEDICATED ARTICLE ANIMAL DRUG,ANADA,PAQFLOR,1,1
FLORFENICOL,VFD TYPE A MEDICATED ARTICLE ANIMAL DRUG,NADA,Aquaflor Type A Medicated Article,1,1
FLORFENICOL; FLUNIXIN MEGLUMINE,PRESCRIPTION ANIMAL DRUG,NADA,Resflor Gold,1,1
FLORFENICOL; MOMETASONE FUROATE; TERBINAFINE,PRESCRIPTION ANIMAL DRUG,ANADA,"Klentz,SIMPLERA Otic Solution",2,2
FLORFENICOL; TERBINAFINE; MOMETASONE FUROATE,PRESCRIPTION ANIMAL DRUG,NADA,Claro,1,1
FLUMETHASONE,PRESCRIPTION ANIMAL DRUG,ANADA,Bimasone,1,1
FLUNIXIN,PRESCRIPTION ANIMAL DRUG,NADA,Banamine-S,1,1
FLUNIXIN MEGLUMINE,PRESCRIPTION ANIMAL DRUG,ANADA,"Flunazine,Flunazine-S,Flunine,Flunixin,Flunixin-S,Prevail,VetaMeg,VETAMEG,Vetameg S",9,6
FLUNIXIN MEGLUMINE,PRESCRIPTION ANIMAL DRUG,NADA,Banamine,1,3
FLUNIXIN MEGLUMINE; PHENOL,PRESCRIPTION ANIMAL DRUG,ANADA,"Flu-Nix,Flunixin,VETAMEG",3,1
FLUOXETINE HYDROCHLORIDE,PRESCRIPTION ANIMAL DRUG,NADA,RECONCILE,1,1
FLURALANER,PRESCRIPTION ANIMAL DRUG,NADA,"Bravecto,Bravecto 1-Month,Bravecto Quantum,Exzolt",4,5
FLURALANER; MOXIDECTIN,PRESCRIPTION ANIMAL DRUG,NADA,Bravecto Plus,1,1
FOLLICLE STIMULATING HORMONE (PORCINE),PRESCRIPTION ANIMAL DRUG,NADA,Folltropin,1,1
FORMALDEHYDE,OTC ANIMAL DRUG,NADA,Parasite-S,1,1
FORMALDEHYDE; METHYL ALCOHOL,OTC ANIMAL DRUG,ANADA,FORMACIDE-B,1,1
FRUNEVETMAB,PRESCRIPTION ANIMAL DRUG,NADA,Solensia,1,1
FUROSEMIDE,PRESCRIPTION ANIMAL DRUG,ANADA,"Furosemide,Furosemide 1%",2,2
FUROSEMIDE,PRESCRIPTION ANIMAL DRUG,NADA,"Disal,Furosemide,Salix",3,4
GAMITHROMYCIN,PRESCRIPTION ANIMAL DRUG,ANADA,GAMROZYNE,1,1
GAMITHROMYCIN,PRESCRIPTION ANIMAL DRUG,NADA,ZACTRAN,1,1
GENTAMICIN SULFATE,OTC ANIMAL DRUG,ANADA,GENTAMICIN PIGLET,1,1
GENTAMICIN SULFATE,OTC ANIMAL DRUG,NADA,GARASOL,1,1
GENTAMICIN SULFATE,PRESCRIPTION ANIMAL DRUG,ANADA,"GEN-GARD Soluble Powder,GENTAMAX,GentaMed,GENTAMICIN SULFATE",4,3
GENTAMICIN SULFATE; BETAMETHASONE VALERATE,PRESCRIPTION ANIMAL DRUG,ANADA,"GENTACALM,Gentamicin Sulfate,GentaVed",3,2
GENTAMICIN SULFATE; CLOTRIMAZOLE; BETAMETHASONE VALERATE,PRESCRIPTION ANIMAL DRUG,NADA,Otomax,1,1
GENTAMICIN SULFATE; POSACONAZOLE; MOMETASONE FUROATE MONOHYDRATE,PRESCRIPTION ANIMAL DRUG,NADA,Mometamax Single,1,1
GENTAMICIN; HYDROCORTISONE ACEPONATE; MICONAZOLE NITRATE,PRESCRIPTION ANIMAL DRUG,NADA,EASOTIC,1,1
GLEPTOFERRON,OTC ANIMAL DRUG,ANADA,GleptoForte,1,1
GONADORELIN,PRESCRIPTION ANIMAL DRUG,ANADA,Fertagyl,1,1
GONADORELIN ACETATE,PRESCRIPTION ANIMAL DRUG,ANADA,GONABREED,1,1
GONADORELIN DIACETATE TETRAHYDRATE,PRESCRIPTION ANIMAL DRUG,ANADA,OvaCyst,1,1
GONADORELIN DIACETATE TETRAHYDRATE,PRESCRIPTION ANIMAL DRUG,NADA,CYSTORELIN,1,1
GONADORELIN HYDROCHLORIDE,PRESCRIPTION ANIMAL DRUG,NADA,Factrel,1,1
GONADOTROPIN RELEASING FACTOR ANALOG-DIPHTHERIA TOXOID CONJUGATE,PRESCRIPTION ANIMAL DRUG,NADA,Improvest,1,1
GRAPIPRANT,PRESCRIPTION ANIMAL DRUG,NADA,Galliprant,1,1
HELIUM,PRESCRIPTION ANIMAL DRUG,NADA,Helium,1,4
HETACILLIN POTASSIUM,PRESCRIPTION ANIMAL DRUG,NADA,PolyMast,1,1
HLAL RDNA CONSTRUCT IN SBC LAL-C CHICKEN,INTENTIONAL ANIMAL GENOMIC ALTERATION,NADA,hLAL rDNA Construct in SBC LAL-C Chickens,1,1
HUMAN CHORIONIC GONADOTROPIN,PRESCRIPTION ANIMAL DRUG,NADA,CHORULON,1,1
"HUMAN CHORIONIC GONADOTROPIN; SERUM, HORSE",OTC ANIMAL DRUG,NADA,P.G. 600,1,1
HYALURONATE SODIUM,PRESCRIPTION ANIMAL DRUG,ANADA,NexHA,1,1
HYALURONATE SODIUM,PRESCRIPTION ANIMAL DRUG,NADA,"Hyalovet,Hyvisc,Legend,Legend Multi Dose",4,3
HYDROGEN PEROXIDE,OTC ANIMAL DRUG,NADA,35% Perox-Aid,1,1
ILUNOCITINIB,PRESCRIPTION ANIMAL DRUG,NADA,Zenrelia,1,1
IMIDACLOPRID,OTC ANIMAL DRUG,NADA,Advantus,1,1
IMIDACLOPRID; MOXIDECTIN,PRESCRIPTION ANIMAL DRUG,ANADA,"IMOXI for Cats,IMOXI for Dogs,Midamox for Cats,PARASEDGE Multi for Cats 2 - 5 lbs,PARASEDGE Multi for Cats 5.1 - 9 lbs,PARASEDGE Multi for Cats 9 - 18 lbs,PARASEDGE Multi for Dogs 3 - 9 lbs,PARASEDGE Multi for Dogs 55.1 - 88 lbs,PARASEDGE Multi for Dogs 88.1 - 110 lbs,PARASEDGE Multi for Dogs 9.1 - 20 lbs",10,5
IMIDACLOPRID; MOXIDECTIN,PRESCRIPTION ANIMAL DRUG,NADA,"ADVANTAGE MULTI FOR CATS,ADVANTAGE MULTI FOR DOGS",2,2
IMIDOCARB DIPROPIONATE,PRESCRIPTION ANIMAL DRUG,NADA,Imizol,1,1
INSULIN HUMAN,PRESCRIPTION ANIMAL DRUG,NADA,ProZinc,1,1
INSULIN PORK,PRESCRIPTION ANIMAL DRUG,NADA,Vetsulin,1,1
IRON,OTC ANIMAL DRUG,NADA,"ANEM-X 100,IRON 100,IRON 200,IRON HYDROGENATED DEXTRAN",4,1
IRON DEXTRAN,OTC ANIMAL DRUG,NADA,Uniferon 200,1,1
ISOFLURANE,PRESCRIPTION ANIMAL DRUG,ANADA,"Fluriso,Isoflurane,IsoSol,Isospire",4,3
ITRACONAZOLE,PRESCRIPTION ANIMAL DRUG,NADA,Itrafungol,1,1
IVERMECTIN,OTC ANIMAL DRUG,ANADA,"AGRI-MECTIN,Bimectin,Bimectin Pour-On,Duramectin,DuraMectin,Ecomectin Cattle Pour-On,Horse Health,Ivermax,Ivermax for Cattle and Swine,Ivermax POUR-ON,Ivermax Pour-On for Cattle,Ivermax POUR-ON for Cattle,Ivermectin,IVERMECTIN,Ivermectin Cattle Pour-On,Ivermectin for Cattle and Swine,Ivermectin Pour-On for Cattle,IVERMECTIN POUR-ON for Cattle,Ivermectin Sheep Drench,Noromectin for Cattle and Swine,Noromectin Pour-On for Cattle,PRIVERMECTIN DRENCH FOR SHEEP,ProMectin B Pour-On,Vetrimec,Vetrimec POUR-ON",25,10
IVERMECTIN,OTC ANIMAL DRUG,NADA,"IVOMEC,IVOMEC Pour-On,Vetrimec,ZIMECTERIN",4,5
IVERMECTIN,PRESCRIPTION ANIMAL DRUG,ANADA,SPARMECTIN E,1,1
IVERMECTIN; CLORSULON,OTC ANIMAL DRUG,ANADA,"Bimectin Plus,Noromectin Plus for Cattle",2,2
IVERMECTIN; CLORSULON,OTC ANIMAL DRUG,NADA,IVOMEC Plus,1,1
IVERMECTIN; PRAZIQUANTEL,OTC ANIMAL DRUG,NADA,Equimax,1,1
IVERMECTIN; PYRANTEL PAMOATE,PRESCRIPTION ANIMAL DRUG,ANADA,"TriHeart Plus,VetriShield Plus",2,2
IVERMECTIN; PYRANTEL PAMOATE,PRESCRIPTION ANIMAL DRUG,NADA,HEARTGARD Plus,1,1
KETAMINE HYDROCHLORIDE,PRESCRIPTION ANIMAL DRUG,ANADA,Ketamine Hydrochloride,1,2
KETAMINE HYDROCHLORIDE,PRESCRIPTION ANIMAL DRUG,NADA,"Ketamine hydrochloride,Ketaset,Zetamine",3,2
KETOPROFEN,PRESCRIPTION ANIMAL DRUG,ANADA,KetoMed,1,1
KETOPROFEN,PRESCRIPTION ANIMAL DRUG,NADA,Ketofen,1,1
KETOPROFEN; TULATHROMYCIN,PRESCRIPTION ANIMAL DRUG,NADA,Draxxin KP,1,1
LAIDLOMYCIN PROPIONATE POTASSIUM,OTC TYPE A MEDICATED ARTICLE ANIMAL DRUG,NADA,Cattlyst,1,1
LASALOCID SODIUM,OTC TYPE A MEDICATED ARTICLE ANIMAL DRUG,NADA,"Avatec,Bovatec,Bovatec 150FP,Bovatec 20",4,1
LEVAMISOLE HYDROCHLORIDE,OTC ANIMAL DRUG,ANADA,"LevaMed Soluble Drench Powder,PROHIBIT Soluble Drench Powder",2,2
LEVAMISOLE HYDROCHLORIDE; DORAMECTIN,PRESCRIPTION ANIMAL DRUG,NADA,Valcor,1,1
LEVOTHYROXINE SODIUM,PRESCRIPTION ANIMAL DRUG,NADA,Thyro-Tabs Canine,1,1
LINCOMYCIN,PRESCRIPTION ANIMAL DRUG,ANADA,LincoMed 300,1,1
LINCOMYCIN HYDROCHLORIDE,OTC ANIMAL DRUG,ANADA,LINCOMYCIN,1,1
LINCOMYCIN HYDROCHLORIDE,PRESCRIPTION ANIMAL DRUG,ANADA,"LincoBac 300,Lincomycin,LINCOMYCIN,LINCOMYCIN 300,Lincomycin Hydrochloride Soluble Powder,LinxMed-SP",6,4
LINCOMYCIN HYDROCHLORIDE,PRESCRIPTION ANIMAL DRUG,NADA,Lincomix,1,1
LINCOMYCIN HYDROCHLORIDE,VFD TYPE A MEDICATED ARTICLE ANIMAL DRUG,NADA,"Lincomix 20,Lincomix 50",2,1
LINCOMYCIN HYDROCHLORIDE; SPECTINOMYCIN HYDROCHLORIDE,PRESCRIPTION ANIMAL DRUG,ANADA,Lincomycin-Spectinomycin Water Soluble Powder,1,1
LOTILANER,PRESCRIPTION ANIMAL DRUG,NADA,Credelio,1,2
LOTILANER; PRAZIQUANTEL; MOXIDECTIN; PYRANTEL PAMOATE,PRESCRIPTION ANIMAL DRUG,NADA,Credelio Quattro,1,1
LOTILANER; PRAZIQUANTEL; PYRANTEL PAMOATE; MOXIDECTIN,PRESCRIPTION ANIMAL DRUG,NADA,Credelio Quattro,1,1
LUBABEGRON,OTC ANIMAL DRUG,NADA,"Experior 10,Experior 50",2,1
LUFENURON; MILBEMYCIN OXIME,PRESCRIPTION ANIMAL DRUG,NADA,Sentinel Flavor Tabs,1,1
LUFENURON; MILBEMYCIN OXIME; PRAZIQUANTEL,PRESCRIPTION ANIMAL DRUG,NADA,Sentinel Spectrum,1,1
MARBOFLOXACIN,PRESCRIPTION ANIMAL DRUG,ANADA,"DELAQUIN,FluoroFlox,Marbofloxacin,Marboquin",4,2
MARBOFLOXACIN,PRESCRIPTION ANIMAL DRUG,NADA,Zeniquin,1,1
MAROPITANT CITRATE,PRESCRIPTION ANIMAL DRUG,ANADA,"Ceritant,Comfor-trate,ComforTrate,Emeprev,Maropitant Citrate",5,4
MAROPITANT CITRATE,PRESCRIPTION ANIMAL DRUG,NADA,Cerenia,1,2
MEDETOMIDINE HYDROCHLORIDE,PRESCRIPTION ANIMAL DRUG,ANADA,Placadine,1,1
MEDETOMIDINE HYDROCHLORIDE; VATINOXAN HYDROCHLORIDE,PRESCRIPTION ANIMAL DRUG,NADA,Zenalpha,1,1
MELARSOMINE DIHYDROCHLORIDE,PRESCRIPTION ANIMAL DRUG,ANADA,DIROBAN,1,1
MELENGESTROL ACETATE,OTC ANIMAL DRUG,ANADA,Heifermax 500,1,1
MELENGESTROL ACETATE,OTC ANIMAL DRUG,NADA,"MGA 200,MGA 500",2,1
MELENGESTROL ACETATE,OTC TYPE A MEDICATED ARTICLE ANIMAL DRUG,ANADA,CycleGuard 500,1,1
MELOXICAM,PRESCRIPTION ANIMAL DRUG,ANADA,"Alloxate,Loxicom,Meloxicam,MELOXIDYL,Meloxivet,Ostilox,OstiLox",7,5
MELOXICAM,PRESCRIPTION ANIMAL DRUG,NADA,Metacam,1,2
MEPIVACAINE HYDROCHLORIDE,PRESCRIPTION ANIMAL DRUG,NADA,Carbocaine V Sterile Aqueous,1,1
METHIMAZOLE,PRESCRIPTION ANIMAL DRUG,ANADA,"Felanorm,Methimazole",2,2
METHIMAZOLE,PRESCRIPTION ANIMAL DRUG,NADA,Felimazole,1,1
METHYLPREDNISOLONE,PRESCRIPTION ANIMAL DRUG,NADA,"Medrol,methylprednisolone",2,2
METHYLPREDNISOLONE ACETATE,PRESCRIPTION ANIMAL DRUG,NADA,Depo-Medrol,1,1
METRONIDAZOLE,PRESCRIPTION ANIMAL DRUG,NADA,AYRADIA,1,1
MICONAZOLE NITRATE,PRESCRIPTION ANIMAL DRUG,ANADA,"Conzol 1 %,Miconazole nitrate 1%",2,1
MICONAZOLE NITRATE; PREDNISOLONE ACETATE; POLYMYXIN B SULFATE,PRESCRIPTION ANIMAL DRUG,NADA,Surolan,1,1
MILBEMYCIN OXIME,PRESCRIPTION ANIMAL DRUG,ANADA,MILBEGUARD FLAVORED,1,1
MILBEMYCIN OXIME,PRESCRIPTION ANIMAL DRUG,NADA,"Interceptor Flavor Tabs,Milbemite",2,2
MILBEMYCIN OXIME; LUFENURON,PRESCRIPTION ANIMAL DRUG,NADA,Sentinel Flavor Tabs,1,1
MILBEMYCIN OXIME; LUFENURON; PRAZIQUANTEL,PRESCRIPTION ANIMAL DRUG,NADA,Sentinel Spectrum,1,1
MILBEMYCIN OXIME; PRAZIQUANTEL,PRESCRIPTION ANIMAL DRUG,NADA,Interceptor Plus,1,1
MILBEMYCIN OXIME; SPINOSAD,PRESCRIPTION ANIMAL DRUG,NADA,Trifexis,1,1
MIRTAZAPINE,PRESCRIPTION ANIMAL DRUG,NADA,Mirataz,1,1
MOMETASONE FUROATE MONOHYDRATE; CLOTRIMAZOLE; GENTAMICIN SULFATE,PRESCRIPTION ANIMAL DRUG,NADA,Mometamax,1,1
MOMETASONE FUROATE MONOHYDRATE; GENTAMICIN SULFATE; CLOTRIMAZOLE,PRESCRIPTION ANIMAL DRUG,NADA,MotaZol,1,1
MOMETASONE FUROATE; GENTAMICIN SULFATE; CLOTRIMAZOLE,PRESCRIPTION ANIMAL DRUG,ANADA,Mometavet,1,1
MOMETASONE FUROATE; TERBINAFINE; FLORFENICOL,PRESCRIPTION ANIMAL DRUG,ANADA,SIMPLERA Otic Solution,1,1
MONENSIN,OTC TYPE A MEDICATED ARTICLE ANIMAL DRUG,ANADA,"Coxidin 90,Monovet 90",2,2
MONENSIN,OTC TYPE A MEDICATED ARTICLE ANIMAL DRUG,NADA,"Coban 90,Rumensin 90",2,2
MORANTEL TARTRATE,OTC TYPE A MEDICATED ARTICLE ANIMAL DRUG,NADA,Rumatel 88,1,1
MOXIDECTIN,OTC ANIMAL DRUG,ANADA,"Moxidectin,MoxiSolv,Tauramox",3,2
MOXIDECTIN,OTC ANIMAL DRUG,NADA,"Cydectin,Quest",2,4
MOXIDECTIN,PRESCRIPTION ANIMAL DRUG,NADA,"ProHeart 12,ProHeart 6",2,2
MOXIDECTIN; IMIDACLOPRID,PRESCRIPTION ANIMAL DRUG,ANADA,"BARRIER FOR CATS,BARRIER FOR DOGS,IMOXI for Cats,IMOXI for Dogs,Midamox for Dogs,PARASEDGE Multi for Dogs 20.1 - 55 lbs",6,6
MOXIDECTIN; IMIDACLOPRID,PRESCRIPTION ANIMAL DRUG,NADA,"ADVANTAGE MULTI FOR CATS,ADVANTAGE MULTI FOR DOGS",2,2
MOXIDECTIN; PRAZIQUANTEL; LOTILANER; PYRANTEL PAMOATE,PRESCRIPTION ANIMAL DRUG,NADA,Credelio Quattro,1,1
MOXIDECTIN; PYRANTEL PAMOATE; AFOXOLANER,PRESCRIPTION ANIMAL DRUG,NADA,NexGard PLUS,1,1
MOXIDECTIN; PYRANTEL PAMOATE; SAROLANER,PRESCRIPTION ANIMAL DRUG,NADA,Simparica TRIO,1,1
MOXIDECTIN; SAROLANER; PYRANTEL PAMOATE,PRESCRIPTION ANIMAL DRUG,NADA,Simparica TRIO,1,1
MUPIROCIN,PRESCRIPTION ANIMAL DRUG,ANADA,"Mupirocin,MURICIN",2,2
NARASIN,OTC TYPE A MEDICATED ARTICLE ANIMAL DRUG,NADA,"Monteban 45,Skycis",2,2
NARASIN; NICARBAZIN,OTC TYPE A MEDICATED ARTICLE ANIMAL DRUG,NADA,Maxiban 72,1,1
NEOMYCIN SULFATE,PRESCRIPTION ANIMAL DRUG,ANADA,"Neo-Sol 50,NeoMed 325,Neomycin,NEOSOL,Neovet",5,4
NEOMYCIN SULFATE; ISOFLUPREDONE ACETATE; TETRACAINE HYDROCHLORIDE,PRESCRIPTION ANIMAL DRUG,NADA,Neo-Predef with Tetracaine,1,1
NEOMYCIN SULFATE; OXYTETRACYCLINE HYDROCHLORIDE,VFD TYPE A MEDICATED ARTICLE ANIMAL DRUG,NADA,"Neo-Oxy 100/100 MR,Neo-Terramycin 100/100D",2,2
NICARBAZIN,OTC TYPE A MEDICATED ARTICLE ANIMAL DRUG,NADA,Nicarb,1,1
NITENPYRAM,OTC ANIMAL DRUG,NADA,"CAPSTAR,PETARMOR CAPACTION",2,1
NITROFURAZONE,OTC ANIMAL DRUG,NADA,Furazone,1,1
NITROGEN,PRESCRIPTION ANIMAL DRUG,NADA,"Nitrogen,NITROGEN",2,10
NITROGEN; CARBON DIOXIDE,PRESCRIPTION ANIMAL DRUG,NADA,Carbon Dioxide Nitrogen,1,1
NITROUS OXIDE,PRESCRIPTION ANIMAL DRUG,NADA,"Nitrous Oxide,NITROUS OXIDE",2,2
NOVOBIOCIN SODIUM; PENICILLIN G PROCAINE,PRESCRIPTION ANIMAL DRUG,NADA,Albadry Plus,1,1
OCLACITINIB MALEATE,PRESCRIPTION ANIMAL DRUG,NADA,"Apoquel,Apoquel Chewable",2,2
OMEPRAZOLE,OTC ANIMAL DRUG,NADA,ULCERGARD,1,1
OMEPRAZOLE,PRESCRIPTION ANIMAL DRUG,NADA,GASTROGARD,1,1
ORBIFLOXACIN,PRESCRIPTION ANIMAL DRUG,NADA,Orbax,1,1
ORMETOPRIM; SULFADIMETHOXINE,VFD TYPE A MEDICATED ARTICLE ANIMAL DRUG,NADA,ROMET 30,1,1
OXFENDAZOLE,OTC ANIMAL DRUG,NADA,Synanthic Bovine Dewormer,1,1
OXIBENDAZOLE,OTC ANIMAL DRUG,NADA,Anthelcide EQ,1,1
OXYGEN,PRESCRIPTION ANIMAL DRUG,NADA,"Air,Air, Compressed,Carbon Dioxide/Oxygen Mix,Helium/Oxygen Mix,Helium/Oxygen Mixture 80/20,Nitrogen Oxygen Mix,oxygen,Oxygen,OXYGEN,Oxygen Helium Mixture 20/80,Oxygen Helium Mixture 30/70,Oxygen Nitrogen Mixture,Oxygen, Compressed U.S.P.",13,13
OXYGEN; NITROGEN,PRESCRIPTION ANIMAL DRUG,NADA,Air,1,1
OXYTETRACYCLINE,PRESCRIPTION ANIMAL DRUG,ANADA,"AGRIMYCIN 200,Bio-Mycin 200,Oxytetracycline 200,Terra-Vet 200,TERRA-VET 200,Vetrimycin 200,VETRIMYCIN 200",7,3
OXYTETRACYCLINE,PRESCRIPTION ANIMAL DRUG,NADA,"Liquamycin LA-200,Noromycin 300 LA",2,2
OXYTETRACYCLINE,VFD TYPE A MEDICATED ARTICLE ANIMAL DRUG,NADA,"Pennox 100 Hi-Flo,Pennox 50",2,1
OXYTETRACYCLINE HYDROCHLORIDE,PRESCRIPTION ANIMAL DRUG,ANADA,"Pennox 343,Tetroxy 343,Tetroxy HCA",3,3
OXYTETRACYCLINE HYDROCHLORIDE,PRESCRIPTION ANIMAL DRUG,NADA,"Oxytet Soluble,Terramycin Scours",2,2
OXYTETRACYCLINE HYDROCHLORIDE,VFD TYPE A MEDICATED ARTICLE ANIMAL DRUG,NADA,"Terramycin 100,Terramycin 100 MR,Terramycin 200,Terramycin 200 for Fish,Terramycin 200 Granular,Terramycin 50",6,2
OXYTETRACYCLINE HYDROCHLORIDE; NEOMYCIN SULFATE,VFD TYPE A MEDICATED ARTICLE ANIMAL DRUG,NADA,Neo-Terramycin 100/100,1,1
OXYTETRACYCLINE HYDROCHLORIDE; POLYMYXIN B SULFATE,PRESCRIPTION ANIMAL DRUG,NADA,Terramycin,1,1
OXYTETRACYCLINE; NEOMYCIN SULFATE,VFD TYPE A MEDICATED ARTICLE ANIMAL DRUG,NADA,Neo-Oxy 50/50,1,1
OXYTOCIN,PRESCRIPTION ANIMAL DRUG,ANADA,Oxytocin,1,1
PENICILLIN G POTASSIUM,PRESCRIPTION ANIMAL DRUG,ANADA,"Han-Pen,PenAqua Sol-G,Penicillin G Potassium,R-PEN",4,3
PENICILLIN G PROCAINE,PRESCRIPTION ANIMAL DRUG,NADA,"Bactracillin G,Norocillin,PenOne Pro",3,1
PENICILLIN G PROCAINE; DIHYDROSTREPTOMYCIN SULFATE,PRESCRIPTION ANIMAL DRUG,NADA,Quartermaster,1,1
PENTOBARBITAL SODIUM; PHENYTOIN SODIUM,PRESCRIPTION ANIMAL DRUG,ANADA,Euthanasia Solution,1,1
PENTOSAN POLYSULFATE SODIUM,PRESCRIPTION ANIMAL DRUG,NADA,Zycosan,1,1
PERGOLIDE MESYLATE,PRESCRIPTION ANIMAL DRUG,ANADA,Zygolide,1,1
PERGOLIDE MESYLATE,PRESCRIPTION ANIMAL DRUG,NADA,Prascend,1,1
PHENYLBUTAZONE,PRESCRIPTION ANIMAL DRUG,ANADA,"BUTEQUINE,EQUI-PHAR,EQUIZONE 50/100,PHENYLBUTAZONE,Phenylbutazone Boluses,PHENYLBUTE,PRIBUTAZONE,VetriBute",8,4
PHENYLBUTAZONE,PRESCRIPTION ANIMAL DRUG,NADA,Phenylbutazone,1,1
PHENYLPROPANOLAMINE HYDROCHLORIDE,PRESCRIPTION ANIMAL DRUG,ANADA,"PHENYLPROPANOLAMINE HYDROCHLORIDE,UriPropamine",2,1
PHENYLPROPANOLAMINE HYDROCHLORIDE,PRESCRIPTION ANIMAL DRUG,NADA,"PhenylPro 25,PhenylPro 50,PhenylPro 75,Proin 25,Proin 50,Proin 75,PROIN ER",7,2
PHENYTOIN SODIUM; PENTOBARBITAL SODIUM,PRESCRIPTION ANIMAL DRUG,ANADA,"Euthanasia Solution,Euthaphen,Euthasol",3,3
PIMOBENDAN,PRESCRIPTION ANIMAL DRUG,NADA,"Vetmedin,Vetmedin Solution",2,2
POLOXALENE,OTC ANIMAL DRUG,NADA,Therabloat Drench,1,1
POLOXALENE,OTC TYPE A MEDICATED ARTICLE ANIMAL DRUG,NADA,Bloat Guard,1,2
POLYSULFATED GLYCOSAMINOGLYCAN,PRESCRIPTION ANIMAL DRUG,NADA,"Adequan Canine,Adequan i.m.",2,2
PONAZURIL,PRESCRIPTION ANIMAL DRUG,NADA,Marquis,1,1
POSACONAZOLE; MOMETASONE FUROATE; ORBIFLOXACIN,PRESCRIPTION ANIMAL DRUG,NADA,Posatex,1,1
PPL657 RDNA CONSTRUCT IN THE GGTA1 GENE IN DOMESTIC PIGS,INTENTIONAL ANIMAL GENOMIC ALTERATION,NADA,GalSafe,1,1
PRADOFLOXACIN,PRESCRIPTION ANIMAL DRUG,NADA,Veraflox,1,1
PRADOFLOXACIN TRIHYDRATE,PRESCRIPTION ANIMAL DRUG,NADA,Pradalex,1,1
PRAZIQUANTEL,OTC ANIMAL DRUG,NADA,"Durvet Feline Tape Tabs for Cats,Tapeworm Dewormer for Cats,TAPEWORM DEWORMER FOR DOGS",3,1
PRAZIQUANTEL,PRESCRIPTION ANIMAL DRUG,ANADA,Praziquantel,1,2
PRAZIQUANTEL,PRESCRIPTION ANIMAL DRUG,NADA,"Droncit,Droncit Canine Cestocide,Droncit Feline Cestocide,PRAZIQUANTEL",4,2
PRAZIQUANTEL; EMODEPSIDE,PRESCRIPTION ANIMAL DRUG,NADA,Profender,1,1
PRAZIQUANTEL; EPRINOMECTIN,PRESCRIPTION ANIMAL DRUG,NADA,Centragard,1,1
PRAZIQUANTEL; ESAFOXOLANER; EPRINOMECTIN,PRESCRIPTION ANIMAL DRUG,NADA,NexGard COMBO,1,1
PRAZIQUANTEL; FEBANTEL; PYRANTEL PAMOATE,PRESCRIPTION ANIMAL DRUG,NADA,DRONTAL PLUS TASTE TABS,1,1
PRAZIQUANTEL; IVERMECTIN,OTC ANIMAL DRUG,NADA,ZIMECTERIN GOLD,1,1
PRAZIQUANTEL; LOTILANER; PYRANTEL PAMOATE; MOXIDECTIN,PRESCRIPTION ANIMAL DRUG,NADA,Credelio Quattro,1,1
PRAZIQUANTEL; MILBEMYCIN OXIME,PRESCRIPTION ANIMAL DRUG,NADA,Interceptor Plus,1,1
PRAZIQUANTEL; MILBEMYCIN OXIME; LUFENURON,PRESCRIPTION ANIMAL DRUG,NADA,Sentinel Spectrum,1,1
PRAZIQUANTEL; MOXIDECTIN,OTC ANIMAL DRUG,NADA,Quest Plus,1,1
PRAZIQUANTEL; PYRANTEL PAMOATE,OTC ANIMAL DRUG,NADA,"Drontal,Virbantel,WORMXPLUS",3,2
PRAZIQUANTEL; PYRANTEL PAMOATE; FEBANTEL,OTC ANIMAL DRUG,NADA,Quad Dewormer,1,1
PRAZIQUANTEL; PYRANTEL PAMOATE; FEBANTEL,PRESCRIPTION ANIMAL DRUG,NADA,Drontal Plus,1,1
PRAZIQUANTEL; PYRANTEL PAMOATE; IVERMECTIN,PRESCRIPTION ANIMAL DRUG,NADA,IVERHART MAX Chew,1,1
PREDNISOLONE,PRESCRIPTION ANIMAL DRUG,NADA,PrednisTab,1,1
PREDNISOLONE; TRIMEPRAZINE TARTRATE,PRESCRIPTION ANIMAL DRUG,ANADA,Trimeprazine with Prednisolone,1,1
PREGABALIN,PRESCRIPTION ANIMAL DRUG,NADA,BONQAT,1,1
PROGESTERONE,OTC ANIMAL DRUG,NADA,"EAZI-BREED CIDR Cattle Insert,EAZI-BREED CIDR Sheep Insert",2,2
PROGESTERONE; ESTRADIOL BENZOATE,OTC ANIMAL DRUG,NADA,Synovex C,1,1
PROGESTERONE; ESTRADIOL BENZOATE; TYLOSIN TARTRATE,PRESCRIPTION ANIMAL DRUG,NADA,Component E-C With Tylan,1,1
PROPOFOL,PRESCRIPTION ANIMAL DRUG,ANADA,"Propofol Multidose,PropofolVet Multidose",2,1
PROPOFOL,PRESCRIPTION ANIMAL DRUG,NADA,"PropoFlo,PropoFlo 28,Propofol,Propovan CF,Rapanofal",5,2
PYRANTEL,OTC TYPE A MEDICATED ARTICLE ANIMAL DRUG,NADA,Banminth 48,1,1
PYRANTEL PAMOATE,OTC ANIMAL DRUG,ANADA,"Equistrength,Exodus,Exodus Multi-Dose,Liqui-Vict 2X Canine Anthelmintic,Liquid Wormer 2X,PetArmor Sure Shot 2X,Pyrid 2X Canine Anthelmintic,Sentry HC Worm X DS,Worm Protector 2X Canine Anthelmintic",9,2
PYRANTEL PAMOATE,OTC ANIMAL DRUG,NADA,"Nemex 2 Non-Sterile,RFD Wormer,Strongid",3,2
PYRANTEL PAMOATE; FEBANTEL; PRAZIQUANTEL,PRESCRIPTION ANIMAL DRUG,NADA,"Drontal Plus,DRONTAL PLUS TASTE TABS",2,1
PYRANTEL PAMOATE; IVERMECTIN,PRESCRIPTION ANIMAL DRUG,ANADA,"Iverhart Plus,IVERHART PLUS,Tri-Heart Plus,TriHeart Plus,VetriShield Plus",5,2
PYRANTEL PAMOATE; IVERMECTIN; PRAZIQUANTEL,PRESCRIPTION ANIMAL DRUG,NADA,IVERHART MAX Chew,1,1
PYRANTEL PAMOATE; LOTILANER; MOXIDECTIN; PRAZIQUANTEL,PRESCRIPTION ANIMAL DRUG,NADA,Credelio Quattro,1,1
PYRANTEL PAMOATE; MOXIDECTIN; SAROLANER,PRESCRIPTION ANIMAL DRUG,NADA,Simparica TRIO,1,1
PYRANTEL PAMOATE; PRAZIQUANTEL,OTC ANIMAL DRUG,NADA,"7 Way De-Wormer,Triple Wormer,Virbantel,WORMXPLUS",4,1
PYRANTEL PAMOATE; PRAZIQUANTEL; FEBANTEL,OTC ANIMAL DRUG,NADA,"Durvet Dog Worm Tabs for Puppies and Small Dogs,Quad Dewormer",2,1
PYRANTEL PAMOATE; PRAZIQUANTEL; IVERMECTIN,PRESCRIPTION ANIMAL DRUG,NADA,IVERHART MAX Chew,1,1
PYRANTEL PAMOATE; SAROLANER; MOXIDECTIN,PRESCRIPTION ANIMAL DRUG,NADA,Simparica TRIO,1,1
PYRANTEL TARTRATE,OTC TYPE A MEDICATED ARTICLE ANIMAL DRUG,NADA,Strongid 48,1,1
RABACFOSADINE SUCCINATE,PRESCRIPTION ANIMAL DRUG,NADA,Tanovea,1,1
RACTOPAMINE HYDROCHLORIDE,OTC TYPE A MEDICATED ARTICLE ANIMAL DRUG,ANADA,"Actogain,Optigrid 45,Ravantage 45",3,3
RACTOPAMINE HYDROCHLORIDE,OTC TYPE A MEDICATED ARTICLE ANIMAL DRUG,NADA,"Optaflexx 45,Paylean 45",2,2
RACTOPAMINE HYDROCHLORIDE,VFD TYPE A MEDICATED ARTICLE ANIMAL DRUG,NADA,Paylean 9,1,1
ROBENACOXIB,PRESCRIPTION ANIMAL DRUG,ANADA,ROBENACOXIB,1,1
ROBENACOXIB,PRESCRIPTION ANIMAL DRUG,NADA,Onsior,1,2
ROBENIDINE HYDROCHLORIDE,OTC TYPE A MEDICATED ARTICLE ANIMAL DRUG,NADA,Robenz,1,1
ROPINIROLE HYDROCHLORIDE,PRESCRIPTION ANIMAL DRUG,NADA,CLEVOR,1,1
SALINOMYCIN SODIUM,OTC TYPE A MEDICATED ARTICLE ANIMAL DRUG,NADA,Bio-Cox Type A Medicated Article,1,1
SAROLANER,PRESCRIPTION ANIMAL DRUG,NADA,Simparica Chewables,1,1
SAROLANER; MOXIDECTIN; PYRANTEL PAMOATE,PRESCRIPTION ANIMAL DRUG,NADA,Simparica TRIO,1,1
SAROLANER; PYRANTEL PAMOATE; MOXIDECTIN,PRESCRIPTION ANIMAL DRUG,NADA,Simparica TRIO,1,1
SAROLANER; SELAMECTIN,PRESCRIPTION ANIMAL DRUG,NADA,REVOLUTION PLUS,1,1
SELAMECTIN,PRESCRIPTION ANIMAL DRUG,ANADA,"Revolt,Selamectin,Selarid,SelaSpot,SENERGY",5,5
SELAMECTIN,PRESCRIPTION ANIMAL DRUG,NADA,REVOLUTION,1,1
SELAMECTIN; SAROLANER,PRESCRIPTION ANIMAL DRUG,NADA,REVOLUTION PLUS,1,1
SELEGILINE HYDROCHLORIDE,PRESCRIPTION ANIMAL DRUG,NADA,ANIPRYL,1,1
SEVOFLURANE,PRESCRIPTION ANIMAL DRUG,ANADA,"FlurovessTM,Petrem,Sevoflurane,Sevospire",4,3
SEVOFLURANE,PRESCRIPTION ANIMAL DRUG,NADA,SevoFlo,1,1
SILVER SULFADIAZINE; ENROFLOXACIN,PRESCRIPTION ANIMAL DRUG,ANADA,Enrofloxacin and Silver Sulfadiazine Otic Emulsion,1,1
SODIUM CITRATE; POTASSIUM CITRATE; GLYCINE; SODIUM CHLORIDE; DEXTROSE; POTASSIUM PHOSPHATE,OTC ANIMAL DRUG,NADA,Re-Sorb,1,1
"SODIUM SELENITE; .ALPHA.-TOCOPHEROL ACETATE, D-",PRESCRIPTION ANIMAL DRUG,NADA,"E-SE,MU-SE",2,2
SOMETRIBOVE,OTC ANIMAL DRUG,NADA,Posilac,1,1
SPECTINOMYCIN,PRESCRIPTION ANIMAL DRUG,ANADA,SpectoGard Scour-Chek,1,1
SPECTINOMYCIN,PRESCRIPTION ANIMAL DRUG,NADA,SpectoGard Water Soluble Powder,1,1
SPECTINOMYCIN SULFATE,PRESCRIPTION ANIMAL DRUG,ANADA,SpectoGard,1,1
SPECTINOMYCIN SULFATE TETRAHYDRATE; LINCOMYCIN HYDROCHLORIDE,PRESCRIPTION ANIMAL DRUG,NADA,L-S 50,1,1
SPINOSAD,PRESCRIPTION ANIMAL DRUG,NADA,Comfortis,1,1
SPINOSAD; MILBEMYCIN OXIME,PRESCRIPTION ANIMAL DRUG,NADA,Trifexis,1,1
SPIRONOLACTONE; BENAZEPRIL HYDROCHLORIDE,PRESCRIPTION ANIMAL DRUG,NADA,CARDALIS,1,1
SULFADIAZINE SODIUM; PYRIMETHAMINE,PRESCRIPTION ANIMAL DRUG,NADA,ReBalance Antiprotozoal,1,1
SULFADIAZINE; TRIMETHOPRIM,PRESCRIPTION ANIMAL DRUG,ANADA,UNIPRIM,1,1
SULFADIMETHOXINE,PRESCRIPTION ANIMAL DRUG,ANADA,"DI-METHOX,Di-Methox Concentrated Solution 12.5%,Sulfadimethoxine,SULFADIMETHOXINE 40%,Sulfadimethoxine Concentrated Solution 12.5%,SulfaMed,Sulforal",7,5
SULFADIMETHOXINE,PRESCRIPTION ANIMAL DRUG,NADA,"Albon,Albon Bolus",2,3
SULFADIMETHOXINE SODIUM,PRESCRIPTION ANIMAL DRUG,ANADA,SULFASOL,1,1
SULFADIMETHOXINE; ORMETOPRIM,VFD TYPE A MEDICATED ARTICLE ANIMAL DRUG,NADA,Rofenaid 40,1,1
SULFAMETHAZINE,PRESCRIPTION ANIMAL DRUG,ANADA,SMZ-Med 454,1,1
SULFAMETHAZINE,PRESCRIPTION ANIMAL DRUG,NADA,"Sustain III,Sustain III Calf",2,1
SULFAMETHAZINE SODIUM,PRESCRIPTION ANIMAL DRUG,NADA,Sulmet,1,1
SULFAMETHAZINE; CHLORTETRACYCLINE HYDROCHLORIDE,VFD TYPE A MEDICATED ARTICLE ANIMAL DRUG,NADA,AureoS 700 S 700,1,1
SULFAQUINOXALINE,PRESCRIPTION ANIMAL DRUG,NADA,Sul-Q-Nox,1,1
SULFAQUINOXALINE SODIUM; SULFAMERAZINE SODIUM; SULFAMETHAZINE SODIUM,PRESCRIPTION ANIMAL DRUG,NADA,PoultrySulfa,1,1
TELMISARTAN,PRESCRIPTION ANIMAL DRUG,NADA,Semintra,1,1
TERBINAFINE; BETAMETHASONE ACETATE; FLORFENICOL,PRESCRIPTION ANIMAL DRUG,NADA,Osurnia,1,1
TESTOSTERONE PROPIONATE; ESTRADIOL BENZOATE,OTC ANIMAL DRUG,NADA,Synovex H,1,1
TETRACYCLINE,PRESCRIPTION ANIMAL DRUG,ANADA,"Tetracycline,tetracycline hydrochloride",2,1
TETRACYCLINE HYDROCHLORIDE,PRESCRIPTION ANIMAL DRUG,ANADA,"Tetra-Bac 324,TetraMed 324 HCA,Tetrasol Soluble Powder",3,3
THIABENDAZOLE; DEXAMETHASONE; NEOMYCIN SULFATE,PRESCRIPTION ANIMAL DRUG,NADA,TRESADERM,1,1
TIAMULIN FUMARATE,OTC ANIMAL DRUG,ANADA,"TiaGard 12.5%,Triamulox,Vetmulin",3,3
TIAMULIN FUMARATE,OTC ANIMAL DRUG,NADA,"Denagard,Denagard 80 coated Type A Medicated Article",2,2
TIGILANOL TIGLATE,PRESCRIPTION ANIMAL DRUG,NADA,STELFONTA 1 mg/mL,1,1
TILDIPIROSIN,PRESCRIPTION ANIMAL DRUG,NADA,Zuprevo,1,1
TILETAMINE HYDROCHLORIDE; ZOLAZEPAM HYDROCHLORIDE,PRESCRIPTION ANIMAL DRUG,ANADA,ZOLETIL,1,1
TILETAMINE HYDROCHLORIDE; ZOLAZEPAM HYDROCHLORIDE,PRESCRIPTION ANIMAL DRUG,NADA,Telazol,1,1
TILMICOSIN PHOSPHATE,PRESCRIPTION ANIMAL DRUG,ANADA,Tilmovet AC Oral Solution,1,1
TILMICOSIN PHOSPHATE,PRESCRIPTION ANIMAL DRUG,NADA,"Micotil 300,Pulmotil AC",2,2
TILMICOSIN PHOSPHATE,VFD TYPE A MEDICATED ARTICLE ANIMAL DRUG,ANADA,Tilmovet 90 Type A Medicated Article,1,1
TILMICOSIN PHOSPHATE,VFD TYPE A MEDICATED ARTICLE ANIMAL DRUG,NADA,Pulmotil 90,1,1
TOCERANIB PHOSPHATE,PRESCRIPTION ANIMAL DRUG,NADA,Palladia,1,1
TORSEMIDE,PRESCRIPTION ANIMAL DRUG,NADA,UpCArd-CA1 TORSEMIDE,1,1
TRENBOLONE ACETATE; ESTRADIOL,OTC ANIMAL DRUG,NADA,"Revalor-G,Revalor-H,Revalor-IH,Revalor-IS",4,2
TRENBOLONE ACETATE; ESTRADIOL BENZOATE,OTC ANIMAL DRUG,NADA,Synovex One,1,1
TRENBOLONE ACETATE; ESTRADIOL; TYLOSIN TARTRATE,PRESCRIPTION ANIMAL DRUG,ANADA,Component TE-200 With Tylan,1,1
TRIAMCINOLONE ACETONIDE,PRESCRIPTION ANIMAL DRUG,NADA,Genesis,1,1
TRIAMCINOLONE ACETONIDE; NYSTATIN; THIOSTREPTON; NEOMYCIN SULFATE,PRESCRIPTION ANIMAL DRUG,NADA,Animax,1,1
TRICAINE METHANESULFONATE,OTC ANIMAL DRUG,ANADA,SYNCAINE,1,1
TRILOSTANE,PRESCRIPTION ANIMAL DRUG,NADA,Vetoryl,1,1
TRIMEPRAZINE TARTRATE; PREDNISOLONE,PRESCRIPTION ANIMAL DRUG,ANADA,"Cortamine P,Trimeprazine with Prednisolone",2,1
TRIMEPRAZINE TARTRATE; PREDNISOLONE,PRESCRIPTION ANIMAL DRUG,NADA,Temaril-P,1,1
TRIMETHOPRIM; SULFADIAZINE,PRESCRIPTION ANIMAL DRUG,ANADA,UNIPRIM,1,1
TRIMETHOPRIM; SULFADIAZINE,PRESCRIPTION ANIMAL DRUG,NADA,Equisul-SDT,1,1
TRIPELENNAMINE HYDROCHLORIDE,PRESCRIPTION ANIMAL DRUG,NADA,RE-COVR,1,1
TRIPTORELIN ACETATE,OTC ANIMAL DRUG,NADA,OvuGel,1,1
TULATHROMYCIN,PRESCRIPTION ANIMAL DRUG,ANADA,"Arovyn,Increxxa,Increxxa 25,Macrosyn,RESPIRmycin,RESPIRmycin 25,Tulieve,Tulissin 100,Tulissin 25,VACASAN,VACASAN 25",11,9
TULATHROMYCIN,PRESCRIPTION ANIMAL DRUG,NADA,"Draxxin,Draxxin 25",2,2
TYLOSIN,PRESCRIPTION ANIMAL DRUG,ANADA,BiloVet,1,1
TYLOSIN,PRESCRIPTION ANIMAL DRUG,NADA,"Tylan 200,Tylan 50",2,1
TYLOSIN PHOSPHATE,VFD TYPE A MEDICATED ARTICLE ANIMAL DRUG,ANADA,"Tylovet 100 Type A Medicated Article,Tylovet 40 Type A Medicated Article",2,1
TYLOSIN PHOSPHATE,VFD TYPE A MEDICATED ARTICLE ANIMAL DRUG,NADA,"Tylan 100,Tylan 40",2,1
TYLOSIN TARTRATE,PRESCRIPTION ANIMAL DRUG,ANADA,"BiloVet,Tylosin Soluble Powder,Tylosin Tartrate,Tylovet Soluble",4,2
TYLOSIN TARTRATE,PRESCRIPTION ANIMAL DRUG,NADA,Tylan Soluble,1,1
TYLOSIN TARTRATE; ESTRADIOL; TRENBOLONE ACETATE,PRESCRIPTION ANIMAL DRUG,ANADA,Component TE-IS With Tylan,1,1
TYLOSIN TARTRATE; TRENBOLONE ACETATE; ESTRADIOL,PRESCRIPTION ANIMAL DRUG,ANADA,"Component TE-G With Tylan,Component TE-IH With Tylan",2,2
TYLVALOSIN,VFD TYPE A MEDICATED ARTICLE ANIMAL DRUG,NADA,Aivlosin,1,1
TYLVALOSIN TARTRATE,PRESCRIPTION ANIMAL DRUG,NADA,Aivlosin,1,1
VELAGLIFLOZIN PROLINE,PRESCRIPTION ANIMAL DRUG,NADA,Senvelgo,1,1
VIRGINIAMYCIN,VFD TYPE A MEDICATED ARTICLE ANIMAL DRUG,NADA,"HepafleX,Stafac 20,Stafac 50,Stafac 500,V-Max,V-Max 50",6,2
XYLAZINE,PRESCRIPTION ANIMAL DRUG,NADA,Rompun,1,1
XYLAZINE HYDROCHLORIDE,PRESCRIPTION ANIMAL DRUG,ANADA,Xylazine,1,1
XYLAZINE HYDROCHLORIDE,PRESCRIPTION ANIMAL DRUG,NADA,Anased,1,1
ZERANOL,OTC ANIMAL DRUG,NADA,RALGRO,1,1
ZOLAZEPAM HYDROCHLORIDE; TILETAMINE HYDROCHLORIDE,PRESCRIPTION ANIMAL DRUG,ANADA,Tzed,1,1
