Product Type,Marketing Category,Application Number or Monograph ID,Ingredient List,Non Proprietary Name,Proprietary Name,Labeler Name,NDC,Date_Inactive,Date_reactivated,links,ct_applications,ct_rows,prod_type_short
OTC ANIMAL DRUG,ANADA,ANADA200272,IVERMECTIN,IVERMECTIN,Ivermax Pour-On for Cattle,"Aspen Veterinary Resources, Ltd.","46066-929-06,46066-929-07,46066-929-08,46066-929-10",,,https://www.accessdata.fda.gov/spl/data/bd46353f-8b11-4ed1-9db0-f5b1e8059c78/bd46353f-8b11-4ed1-9db0-f5b1e8059c78.xml,1,4,OTC - Non Feed
OTC ANIMAL DRUG,ANADA,ANADA200272,IVERMECTIN,IVERMECTIN,Ivermectin Pour-On for Cattle,"Durvet, Inc.","30798-240-19,30798-240-20,30798-240-78",,,https://www.accessdata.fda.gov/spl/data/86eb4131-a535-4871-8240-d6280bf97b67/86eb4131-a535-4871-8240-d6280bf97b67.xml,1,3,OTC - Non Feed
OTC ANIMAL DRUG,ANADA,ANADA200272,IVERMECTIN,IVERMECTIN,Noromectin Pour-On for Cattle,Norbrook Laboratories Limited,"55529-007-06,55529-007-07,55529-007-08,55529-007-09",,,https://www.accessdata.fda.gov/spl/data/a7e1fc7a-991f-4194-9f5a-f594bd7d1fc3/a7e1fc7a-991f-4194-9f5a-f594bd7d1fc3.xml,1,4,OTC - Non Feed
OTC ANIMAL DRUG,ANADA,ANADA200315,LINCOMYCIN HYDROCHLORIDE,LINCOMYCIN,LINCOMYCIN,"Aspen Veterinary Resources, Ltd.",46066-246-04,,,https://www.accessdata.fda.gov/spl/data/8e600f64-d9b7-439f-a79e-1e6e645ae71d/8e600f64-d9b7-439f-a79e-1e6e645ae71d.xml,1,1,OTC - Non Feed
OTC ANIMAL DRUG,ANADA,ANADA200318,IVERMECTIN,IVERMECTIN,Bimectin Pour-On,"Bimeda, Inc.","61133-6014-1,61133-6014-2,61133-6014-4,61133-6014-5,61133-6014-7",,,https://www.accessdata.fda.gov/spl/data/a75b3c9f-c163-4f19-b35f-c681106fd660/a75b3c9f-c163-4f19-b35f-c681106fd660.xml,1,5,OTC - Non Feed
OTC ANIMAL DRUG,ANADA,ANADA200318,IVERMECTIN,IVERMECTIN,Ivermax POUR-ON,Aspen Veterinary Resources,"46066-751-01,46066-751-02,46066-751-03",,,https://www.accessdata.fda.gov/spl/data/e398834e-108a-4f65-ae80-ce0d0d3b9319/e398834e-108a-4f65-ae80-ce0d0d3b9319.xml,1,3,OTC - Non Feed
OTC ANIMAL DRUG,ANADA,ANADA200318,IVERMECTIN,IVERMECTIN,Ivermectin,"Durvet, Inc.","30798-840-19,30798-840-20,30798-840-78",,,https://www.accessdata.fda.gov/spl/data/f15cf4d3-6ec1-4a39-bc53-05a0437e5c25/f15cf4d3-6ec1-4a39-bc53-05a0437e5c25.xml,1,3,OTC - Non Feed
OTC ANIMAL DRUG,ANADA,ANADA200318,IVERMECTIN,IVERMECTIN,ProMectin B Pour-On,"Vedco, Inc.",50989-334-32,,,https://www.accessdata.fda.gov/spl/data/ad0a6381-ea18-43fb-8fab-9d8b6ad3fb77/ad0a6381-ea18-43fb-8fab-9d8b6ad3fb77.xml,1,1,OTC - Non Feed
OTC ANIMAL DRUG,ANADA,ANADA200318,IVERMECTIN,IVERMECTIN,Vetrimec,MWI VetOne,"13985-523-01,13985-523-08",,,https://www.accessdata.fda.gov/spl/data/597c520f-3640-45fa-9d6c-24cf7b2eaaaf/597c520f-3640-45fa-9d6c-24cf7b2eaaaf.xml,1,2,OTC - Non Feed
OTC ANIMAL DRUG,ANADA,ANADA200326,IVERMECTIN,IVERMECTIN,Bimectin,"Bimeda, Inc.",61133-6012-1,,,https://www.accessdata.fda.gov/spl/data/4cb1223d-7de1-4fa8-ae7c-73cc442d7aa0/4cb1223d-7de1-4fa8-ae7c-73cc442d7aa0.xml,1,1,OTC - Non Feed
OTC ANIMAL DRUG,ANADA,ANADA200326,IVERMECTIN,IVERMECTIN,Duramectin,Durvet,30798-837-81,,,https://www.accessdata.fda.gov/spl/data/61d971d2-2667-4fee-bd01-a5af2292bc56/61d971d2-2667-4fee-bd01-a5af2292bc56.xml,1,1,OTC - Non Feed
OTC ANIMAL DRUG,ANADA,ANADA200326,IVERMECTIN,IVERMECTIN,Ivermax,Aspen Veterinary Resources,46066-800-01,,,https://www.accessdata.fda.gov/spl/data/c1a98b9c-28f3-4daa-a07f-09e8065d6954/c1a98b9c-28f3-4daa-a07f-09e8065d6954.xml,1,1,OTC - Non Feed
OTC ANIMAL DRUG,ANADA,ANADA200326,IVERMECTIN,IVERMECTIN,Ivermectin,DURVALIS LLC,"86246-100-01,86246-100-02,86246-100-03,86246-100-04,86246-100-05,86246-100-06,86246-100-07,86246-100-08,86246-100-09,86246-100-10,86246-100-11,86246-100-12,86246-100-13",,,https://www.accessdata.fda.gov/spl/data/e3af6af9-3379-433a-975b-4c9d3357cb1a/e3af6af9-3379-433a-975b-4c9d3357cb1a.xml,1,13,OTC - Non Feed
OTC ANIMAL DRUG,ANADA,ANADA200326,IVERMECTIN,IVERMECTIN,Ivermectin,Durvet,30798-835-81,,,https://www.accessdata.fda.gov/spl/data/b5a22857-28a4-492c-95d2-93286894ec3d/b5a22857-28a4-492c-95d2-93286894ec3d.xml,1,1,OTC - Non Feed
OTC ANIMAL DRUG,ANADA,ANADA200326,IVERMECTIN,IVERMECTIN,Ivermectin,Fast Sold LLC,"86241-001-01,86241-001-02",,,https://www.accessdata.fda.gov/spl/data/a07ffcd1-2efb-42da-bff9-12b76428e0f3/a07ffcd1-2efb-42da-bff9-12b76428e0f3.xml,1,2,OTC - Non Feed
OTC ANIMAL DRUG,ANADA,ANADA200326,IVERMECTIN,IVERMECTIN,Ivermectin,JEFFERS,86010-100-01,,,https://www.accessdata.fda.gov/spl/data/346e0726-1a2d-41cd-af64-e371270d45f2/346e0726-1a2d-41cd-af64-e371270d45f2.xml,1,1,OTC - Non Feed
OTC ANIMAL DRUG,ANADA,ANADA200326,IVERMECTIN,IVERMECTIN,Ivermectin,VITAL VINE L.L.C.,86242-100-01,,,https://www.accessdata.fda.gov/spl/data/d60e97c7-33f2-4b99-8294-60705d340a48/d60e97c7-33f2-4b99-8294-60705d340a48.xml,1,1,OTC - Non Feed
OTC ANIMAL DRUG,ANADA,ANADA200326,IVERMECTIN,IVERMECTIN,Ivermectin,YASMEEN GLOBAL TRADERS LLC,"86244-100-01,86244-100-02,86244-100-03,86244-100-04,86244-100-05,86244-100-06,86244-100-07,86244-100-08,86244-100-09,86244-100-10,86244-100-11,86244-100-12,86244-100-13",,,https://www.accessdata.fda.gov/spl/data/675efe97-16c0-45f3-bbea-608e8ef004cc/675efe97-16c0-45f3-bbea-608e8ef004cc.xml,1,13,OTC - Non Feed
OTC ANIMAL DRUG,ANADA,ANADA200326,IVERMECTIN,IVERMECTIN,Vetrimec,MWI/VetOne,86136-114-30,,,https://www.accessdata.fda.gov/spl/data/577e9dee-ff1f-469e-bfa3-0750319bd6ee/577e9dee-ff1f-469e-bfa3-0750319bd6ee.xml,1,1,OTC - Non Feed
OTC ANIMAL DRUG,ANADA,ANADA200327,IVERMECTIN,IVERMECTIN,Ivermectin Sheep Drench,Durvet,"30798-637-12,30798-637-16",,,https://www.accessdata.fda.gov/spl/data/87a93396-c7ce-48b7-b4b4-273520c0d7dc/87a93396-c7ce-48b7-b4b4-273520c0d7dc.xml,1,2,OTC - Non Feed
OTC ANIMAL DRUG,ANADA,ANADA200327,IVERMECTIN,IVERMECTIN,PRIVERMECTIN DRENCH FOR SHEEP,FIRST PRIORITY INCORPORATED,"58829-293-08,58829-293-32",,,https://www.accessdata.fda.gov/spl/data/7aa41523-3153-4f91-8d90-3c519cc5afae/7aa41523-3153-4f91-8d90-3c519cc5afae.xml,1,2,OTC - Non Feed
OTC ANIMAL DRUG,ANADA,ANADA200340,IVERMECTIN,IVERMECTIN,IVERMECTIN POUR-ON for Cattle,Durvet,"30798-927-13,30798-927-19,30798-927-20,30798-927-78",,,https://www.accessdata.fda.gov/spl/data/81fc622a-5cf4-4510-ac30-b081d8b67dd3/81fc622a-5cf4-4510-ac30-b081d8b67dd3.xml,1,4,OTC - Non Feed
OTC ANIMAL DRUG,ANADA,ANADA200340,IVERMECTIN,IVERMECTIN CATTLE POUR-ON,Ivermax POUR-ON for Cattle,"ASPEN VETERINARY RESOURCES, LTD.","46066-302-02,46066-302-25,46066-302-34",,,https://www.accessdata.fda.gov/spl/data/1a9f2b6c-0342-439f-8b27-4c977f6310e1/1a9f2b6c-0342-439f-8b27-4c977f6310e1.xml,1,3,OTC - Non Feed
OTC ANIMAL DRUG,ANADA,ANADA200340,IVERMECTIN,IVERMECTIN CATTLE POUR-ON,Vetrimec POUR-ON,VetOne,13985-990-05,,,https://www.accessdata.fda.gov/spl/data/58347ec9-de84-4c19-9d36-cc0d140d436b/58347ec9-de84-4c19-9d36-cc0d140d436b.xml,1,1,OTC - Non Feed
OTC ANIMAL DRUG,ANADA,ANADA200343,MELENGESTROL ACETATE,MELENGESTROL ACETATE,Heifermax 500,Elanco US Inc.,58198-0637-1,,,https://www.accessdata.fda.gov/spl/data/cb109332-b497-4d78-90d0-93a39882bf30/cb109332-b497-4d78-90d0-93a39882bf30.xml,1,1,OTC - Non Feed
OTC ANIMAL DRUG,ANADA,ANADA200348,IVERMECTIN,IVERMECTIN,Ecomectin Cattle Pour-On,"Huvepharma, Inc","23243-2102-1,23243-2102-2,23243-2102-5,23243-2102-9",,,https://www.accessdata.fda.gov/spl/data/a166be56-b1df-41e7-9105-d34388da7bcd/a166be56-b1df-41e7-9105-d34388da7bcd.xml,1,4,OTC - Non Feed
OTC ANIMAL DRUG,ANADA,ANADA200348,IVERMECTIN,IVERMECTIN,Ivermectin Cattle Pour-On,"Durvet, Inc.",30798-971-73,,,https://www.accessdata.fda.gov/spl/data/8fd85e3d-10af-4906-b10d-2e09bb3fb078/8fd85e3d-10af-4906-b10d-2e09bb3fb078.xml,1,1,OTC - Non Feed
OTC ANIMAL DRUG,ANADA,ANADA200390,IVERMECTIN,IVERMECTIN,DuraMectin,"Durvet, Inc.",30798-970-81,,,https://www.accessdata.fda.gov/spl/data/3dd8e784-d99f-4748-9951-5adfb3737da2/3dd8e784-d99f-4748-9951-5adfb3737da2.xml,1,1,OTC - Non Feed
OTC ANIMAL DRUG,ANADA,ANADA200390,IVERMECTIN,IVERMECTIN,Horse Health,"Farnam Companies, Inc.",17135-710-21,,,https://www.accessdata.fda.gov/spl/data/7347b3b1-65df-4490-a7d1-7d8c99494574/7347b3b1-65df-4490-a7d1-7d8c99494574.xml,1,1,OTC - Non Feed
OTC ANIMAL DRUG,ANADA,ANADA200390,IVERMECTIN,IVERMECTIN,Ivermectin,Dechra Veterinary Products,17033-455-60,,,https://www.accessdata.fda.gov/spl/data/957e4dbd-94ce-44df-8213-86f40c5459f5/957e4dbd-94ce-44df-8213-86f40c5459f5.xml,1,1,OTC - Non Feed
OTC ANIMAL DRUG,ANADA,ANADA200390,IVERMECTIN,IVERMECTIN,Ivermectin,"Farnam Companies, Inc.",17135-740-21,,,https://www.accessdata.fda.gov/spl/data/d555ccf0-57b3-4975-9c87-c99a5338550e/d555ccf0-57b3-4975-9c87-c99a5338550e.xml,1,1,OTC - Non Feed
OTC ANIMAL DRUG,ANADA,ANADA200429,IVERMECTIN,IVERMECTIN,AGRI-MECTIN,"Huvepharms, Inc","23243-4680-2,23243-4680-6,23243-4680-7",,,https://www.accessdata.fda.gov/spl/data/67633843-0fcb-4c45-97c6-cd6b8053bf74/67633843-0fcb-4c45-97c6-cd6b8053bf74.xml,1,3,OTC - Non Feed
OTC ANIMAL DRUG,ANADA,ANADA200429,IVERMECTIN,IVERMECTIN,IVERMECTIN,Durvet Inc.,30798-344-05,,,https://www.accessdata.fda.gov/spl/data/e38abd12-72d2-4c2a-b539-a3493e06093b/e38abd12-72d2-4c2a-b539-a3493e06093b.xml,1,1,OTC - Non Feed
OTC ANIMAL DRUG,ANADA,ANADA200429,IVERMECTIN,IVERMECTIN,IVERMECTIN,"Sparhawk Laboratories, Inc.","58005-346-02,58005-346-06,58005-346-07",,,https://www.accessdata.fda.gov/spl/data/a4fb8b67-49df-42a3-aaf0-5eda53d68795/a4fb8b67-49df-42a3-aaf0-5eda53d68795.xml,1,3,OTC - Non Feed
OTC ANIMAL DRUG,ANADA,ANADA200436,IVERMECTIN; CLORSULON,IVERMECTIN AND CLORSULON,Noromectin Plus for Cattle,Norbrook Laboratories Limited,"55529-011-01,55529-011-02,55529-011-04,55529-011-05,55529-011-06",,,https://www.accessdata.fda.gov/spl/data/57499948-b6e1-4bc5-8e90-a7c26532adf3/57499948-b6e1-4bc5-8e90-a7c26532adf3.xml,1,5,OTC - Non Feed
OTC ANIMAL DRUG,ANADA,ANADA200437,IVERMECTIN,IVERMECTIN,Ivermax for Cattle and Swine,"Aspen Veterinary Resources, Ltd.","46066-917-01,46066-917-04,46066-917-05,46066-917-06",,,https://www.accessdata.fda.gov/spl/data/9ca6b080-ad55-4652-959d-07807feead0b/9ca6b080-ad55-4652-959d-07807feead0b.xml,1,4,OTC - Non Feed
OTC ANIMAL DRUG,ANADA,ANADA200437,IVERMECTIN,IVERMECTIN,Ivermectin for Cattle and Swine,"Durvet, Inc.","30798-243-05,30798-243-13,30798-243-17",,,https://www.accessdata.fda.gov/spl/data/0add9c2e-f702-4c68-a9da-bb51282b36f3/0add9c2e-f702-4c68-a9da-bb51282b36f3.xml,1,3,OTC - Non Feed
OTC ANIMAL DRUG,ANADA,ANADA200437,IVERMECTIN,IVERMECTIN,Noromectin for Cattle and Swine,Norbrook Laboratories Limited,"55529-012-01,55529-012-02,55529-012-04,55529-012-05,55529-012-06",,,https://www.accessdata.fda.gov/spl/data/0b5cc61c-2b42-4103-8440-6594a9d817dc/0b5cc61c-2b42-4103-8440-6594a9d817dc.xml,1,5,OTC - Non Feed
OTC ANIMAL DRUG,ANADA,ANADA200447,IVERMECTIN,IVERMECTIN,Bimectin,"Bimeda, Inc.","61133-6201-1,61133-6201-2,61133-6201-3,61133-6201-4",,,https://www.accessdata.fda.gov/spl/data/9d7cde34-6a4d-4112-a925-6000b5d716b8/9d7cde34-6a4d-4112-a925-6000b5d716b8.xml,1,4,OTC - Non Feed
OTC ANIMAL DRUG,ANADA,ANADA200447,IVERMECTIN,IVERMECTIN,Ivermax,Aspen Veterinary Resources,"46066-101-02,46066-101-04,46066-101-05,46066-101-06",,,https://www.accessdata.fda.gov/spl/data/369e99df-6b8d-42a1-bc3f-1579446f20c0/369e99df-6b8d-42a1-bc3f-1579446f20c0.xml,1,4,OTC - Non Feed
OTC ANIMAL DRUG,ANADA,ANADA200447,IVERMECTIN,IVERMECTIN,Ivermectin,Durvet,"30798-844-05,30798-844-13,30798-844-17",,,https://www.accessdata.fda.gov/spl/data/55683f15-ec98-4400-82ea-f5bd90b97824/55683f15-ec98-4400-82ea-f5bd90b97824.xml,1,3,OTC - Non Feed
OTC ANIMAL DRUG,ANADA,ANADA200450,IVERMECTIN; CLORSULON,IVERMECTIN AND CLORSULON,Ivermax Plus,Aspen Veterinary Resources,"46066-100-05,46066-100-06",,,https://www.accessdata.fda.gov/spl/data/ae9f3202-f450-42ae-abf1-18feb7392386/ae9f3202-f450-42ae-abf1-18feb7392386.xml,1,2,OTC - Non Feed
OTC ANIMAL DRUG,ANADA,ANADA200450,IVERMECTIN; CLORSULON,IVERMECTIN AND CLORSULON,Vetrimec Plus,VetOne,"13985-550-10,13985-550-50",,,https://www.accessdata.fda.gov/spl/data/a91d7b26-e519-43de-8a80-fece8a893e47/a91d7b26-e519-43de-8a80-fece8a893e47.xml,1,2,OTC - Non Feed
OTC ANIMAL DRUG,ANADA,ANADA200450,IVERMECTIN; CLORSULON,IVERMECTIN CLORSULON,Bimectin Plus,"Bimeda, Inc.","61133-4000-2,61133-4000-3",,,https://www.accessdata.fda.gov/spl/data/fb0cd403-2183-440c-836d-c2180ddc7225/fb0cd403-2183-440c-836d-c2180ddc7225.xml,1,2,OTC - Non Feed
OTC ANIMAL DRUG,ANADA,ANADA200563,EPRINOMECTIN,EPRINOMECTIN,Eprizero,Norbrook Laboratories Limited,"55529-156-06,55529-156-07,55529-156-08,55529-156-09",,,https://www.accessdata.fda.gov/spl/data/75d40c53-ac7b-42f5-993b-10be3889b886/75d40c53-ac7b-42f5-993b-10be3889b886.xml,1,4,OTC - Non Feed
OTC ANIMAL DRUG,ANADA,ANADA200636,DORAMECTIN,DORAMECTIN,Doracide Pour-On,"Bimeda, Inc.","61133-4004-2,61133-4004-3,61133-4004-4",,,https://www.accessdata.fda.gov/spl/data/1a6172a2-9d87-4a3a-917b-e26b5e0843f0/1a6172a2-9d87-4a3a-917b-e26b5e0843f0.xml,1,3,OTC - Non Feed
OTC ANIMAL DRUG,ANADA,ANADA200636,DORAMECTIN,DORAMECTIN,Doracide Pour-On,MWI/VetOne,86136-124-22,,,https://www.accessdata.fda.gov/spl/data/55e34d28-931d-4094-85a9-dd2142c3b1fe/55e34d28-931d-4094-85a9-dd2142c3b1fe.xml,1,1,OTC - Non Feed
OTC ANIMAL DRUG,ANADA,ANADA200636,DORAMECTIN,DORAMECTIN,Doramectin Pour-On,Durvet,30798-315-19,,,https://www.accessdata.fda.gov/spl/data/b7cdfec6-cc9e-4467-835e-e21882cec979/b7cdfec6-cc9e-4467-835e-e21882cec979.xml,1,1,OTC - Non Feed
OTC ANIMAL DRUG,ANADA,ANADA200738,DORAMECTIN,DORAMECTIN,DectoGard Pour-On,"Aurora Pharmaceutical, Inc.","51072-107-00,51072-107-01,51072-107-02",,,https://www.accessdata.fda.gov/spl/data/7e85dc48-1a8c-4682-b45d-98515ed514ce/7e85dc48-1a8c-4682-b45d-98515ed514ce.xml,1,3,OTC - Non Feed
OTC ANIMAL DRUG,ANADA,ANADA200741,EPRINOMECTIN,EPRINOMECTIN,EpriGard Pour-On for Beef and Dairy Cattle,"Aurora Pharmaceutical, Inc.","51072-109-01,51072-109-02,51072-109-03,51072-109-04,51072-109-05",,,https://www.accessdata.fda.gov/spl/data/c3b75fbc-4e40-4278-8621-f2fa13b69a8a/c3b75fbc-4e40-4278-8621-f2fa13b69a8a.xml,1,5,OTC - Non Feed
OTC ANIMAL DRUG,ANADA,ANADA200746,MOXIDECTIN,MOXIDECTIN,Tauramox,Norbrook Laboratories Limited,"55529-192-04,55529-192-05",,,https://www.accessdata.fda.gov/spl/data/fb50d7e8-69ea-457d-95d3-038f7dc85bd9/fb50d7e8-69ea-457d-95d3-038f7dc85bd9.xml,1,2,OTC - Non Feed
OTC ANIMAL DRUG,ANADA,ANADA200750,DORAMECTIN,DORAMECTIN,Doraject,Cronus Pharma LLC,"69043-037-01,69043-037-05,69043-037-25",,,https://www.accessdata.fda.gov/spl/data/d54bb975-6dba-4d1e-b5af-19c14ee6f097/d54bb975-6dba-4d1e-b5af-19c14ee6f097.xml,1,3,OTC - Non Feed
OTC ANIMAL DRUG,ANADA,ANADA200750,DORAMECTIN,DORAMECTIN,Doramectin,"Durvet, Inc.","30798-545-10,30798-545-13,30798-545-17",,,https://www.accessdata.fda.gov/spl/data/611b49a6-24d7-4b59-a344-c27be2ae9210/611b49a6-24d7-4b59-a344-c27be2ae9210.xml,1,3,OTC - Non Feed
OTC ANIMAL DRUG,ANADA,ANADA200788,MOXIDECTIN,MOXIDECTIN,MoxiSolv,"Bimeda, Inc.",61133-4013-2,,,https://www.accessdata.fda.gov/spl/data/6bdf2357-498d-4917-b32b-2e4a1d281fd1/6bdf2357-498d-4917-b32b-2e4a1d281fd1.xml,1,1,OTC - Non Feed
OTC ANIMAL DRUG,ANADA,ANADA200788,MOXIDECTIN,MOXIDECTIN,MoxiSolv,MWI/VetOne,86136-116-31,,,https://www.accessdata.fda.gov/spl/data/2d7f2c68-7d93-416e-849a-8f2571027ff9/2d7f2c68-7d93-416e-849a-8f2571027ff9.xml,1,1,OTC - Non Feed
OTC ANIMAL DRUG,ANADA,ANADA200788,MOXIDECTIN,MOXIDECTIN,Moxidectin,Durvet,30798-314-17,,,https://www.accessdata.fda.gov/spl/data/3604a8d7-7dad-468e-97c6-85b1e6be7319/3604a8d7-7dad-468e-97c6-85b1e6be7319.xml,1,1,OTC - Non Feed
OTC ANIMAL DRUG,NADA,NADA039402,MELENGESTROL ACETATE,MELENGESTROL ACETATE,MGA 200,Zoetis Inc.,54771-1952-1,,,https://www.accessdata.fda.gov/spl/data/082efdbb-9850-483c-b05f-b6a5077f5f4c/082efdbb-9850-483c-b05f-b6a5077f5f4c.xml,1,1,OTC - Non Feed
OTC ANIMAL DRUG,NADA,NADA039402,MELENGESTROL ACETATE,MELENGESTROL ACETATE,MGA 500,Phibro Animal Health,66104-1547-1,,,https://www.accessdata.fda.gov/spl/data/9e3dcbd2-5340-4802-ba51-a54bb6875da4/9e3dcbd2-5340-4802-ba51-a54bb6875da4.xml,1,1,OTC - Non Feed
OTC ANIMAL DRUG,NADA,NADA039402,MELENGESTROL ACETATE,MELENGESTROL ACETATE,MGA 500,Zoetis Inc.,54771-1547-1,,,https://www.accessdata.fda.gov/spl/data/7398db5d-7620-47ce-a4cc-6ade81173b57/7398db5d-7620-47ce-a4cc-6ade81173b57.xml,1,1,OTC - Non Feed
OTC ANIMAL DRUG,NADA,NADA128409,IVERMECTIN,IVERMECTIN,IVOMEC,Boehringer Ingelheim Animal Health USA Inc,"0010-4743-01,0010-4743-02,0010-4743-03,0010-4743-04",,,https://www.accessdata.fda.gov/spl/data/4d10491b-749f-4f18-a311-3f2bc37755af/4d10491b-749f-4f18-a311-3f2bc37755af.xml,1,4,OTC - Non Feed
OTC ANIMAL DRUG,NADA,NADA131392,IVERMECTIN,IVERMECTIN,IVOMEC,Boehringer Ingelheim Animal Health USA Inc.,"0010-4745-01,0010-4745-02",,,https://www.accessdata.fda.gov/spl/data/2d3d5418-9a94-4a46-abec-a11b051d108a/2d3d5418-9a94-4a46-abec-a11b051d108a.xml,1,2,OTC - Non Feed
OTC ANIMAL DRUG,NADA,NADA134314,IVERMECTIN,IVERMECTIN,ZIMECTERIN,Boehringer Ingelheim Animal Health USA Inc.,0010-7096-01,,,https://www.accessdata.fda.gov/spl/data/2212e62d-fa7c-404a-9699-4b04f91cb566/2212e62d-fa7c-404a-9699-4b04f91cb566.xml,1,1,OTC - Non Feed
OTC ANIMAL DRUG,NADA,NADA140841,IVERMECTIN,IVERMECTIN,IVOMEC Pour-On,Boehringer Ingelheim Animal Health USA Inc.,"0010-4734-01,0010-4734-02,0010-4734-03,0010-4734-04,0010-4734-05",,,https://www.accessdata.fda.gov/spl/data/a218d6a6-c48c-4a71-bb65-e731fe85164e/a218d6a6-c48c-4a71-bb65-e731fe85164e.xml,1,5,OTC - Non Feed
OTC ANIMAL DRUG,NADA,NADA141061,DORAMECTIN,DORAMECTIN,Dectomax,Zoetis Inc.,"54771-5438-1,54771-5438-2,54771-5438-3",,,https://www.accessdata.fda.gov/spl/data/2df64d03-866c-42d3-8904-e8dd980592e5/2df64d03-866c-42d3-8904-e8dd980592e5.xml,1,3,OTC - Non Feed
OTC ANIMAL DRUG,NADA,NADA141079,EPRINOMECTIN,EPRINOMECTIN,EPRINEX Pour-On for Beef and Dairy Cattle,Boehringer Ingelheim Animal Health USA Inc.,"0010-4751-01,0010-4751-02,0010-4751-03,0010-4751-04,0010-4751-05,0010-4751-06",,,https://www.accessdata.fda.gov/spl/data/78513139-3974-4bc9-8d26-65600f80dc0d/78513139-3974-4bc9-8d26-65600f80dc0d.xml,1,6,OTC - Non Feed
OTC ANIMAL DRUG,NADA,NADA141087,MOXIDECTIN,MOXIDECTIN,Quest,Zoetis Inc.,54771-7441-1,,,https://www.accessdata.fda.gov/spl/data/ecd2dd7f-798c-411b-ba76-73b91891be2c/ecd2dd7f-798c-411b-ba76-73b91891be2c.xml,1,1,OTC - Non Feed
OTC ANIMAL DRUG,NADA,NADA141095,DORAMECTIN,DORAMECTIN,Dectomax Pour-On,Zoetis Inc.,"54771-2718-2,54771-2718-3,54771-2718-4",,,https://www.accessdata.fda.gov/spl/data/ec99082e-959f-49bb-a7a3-0f05add76dd0/ec99082e-959f-49bb-a7a3-0f05add76dd0.xml,1,3,OTC - Non Feed
OTC ANIMAL DRUG,NADA,NADA141099,MOXIDECTIN,MOXIDECTIN,Cydectin,Elanco US Inc.,"58198-0030-1,58198-0030-2,58198-0030-3,58198-0030-4,58198-0030-5",,,https://www.accessdata.fda.gov/spl/data/4a7e3ace-f250-4437-b833-642a6681e60e/4a7e3ace-f250-4437-b833-642a6681e60e.xml,1,5,OTC - Non Feed
OTC ANIMAL DRUG,NADA,NADA141220,MOXIDECTIN,MOXIDECTIN,Cydectin,Elanco US Inc.,58198-0028-1,,,https://www.accessdata.fda.gov/spl/data/dc851ff9-4881-4cf4-8d7c-14b9bdfaf5b0/dc851ff9-4881-4cf4-8d7c-14b9bdfaf5b0.xml,1,1,OTC - Non Feed
OTC ANIMAL DRUG,NADA,NADA141247,MOXIDECTIN,MOXIDECTIN,Cydectin,Elanco US Inc.,"58198-0029-1,58198-0029-2",,,https://www.accessdata.fda.gov/spl/data/56bb341d-b311-4f92-9dc6-e63242deb7a7/56bb341d-b311-4f92-9dc6-e63242deb7a7.xml,1,2,OTC - Non Feed
OTC ANIMAL DRUG,NADA,NADA200447,IVERMECTIN,IVERMECTIN,Vetrimec,VetOne,"13985-525-05,13985-525-06,13985-525-50",,,https://www.accessdata.fda.gov/spl/data/bbabddaa-b164-4f68-956e-1d305ac0562a/bbabddaa-b164-4f68-956e-1d305ac0562a.xml,1,3,OTC - Non Feed
OTC TYPE A MEDICATED ARTICLE ANIMAL DRUG,ANADA,ANADA200399,MELENGESTROL ACETATE,MELENGESTROL ACETATE,CycleGuard 500,"Huvepharma, Inc",23243-0068-1,,,https://www.accessdata.fda.gov/spl/data/ca1e0f6b-0e3a-41d0-be5b-f7abec4093ea/ca1e0f6b-0e3a-41d0-be5b-f7abec4093ea.xml,1,1,OTC - Feed
OTC TYPE A MEDICATED ARTICLE ANIMAL DRUG,ANADA,ANADA200548,RACTOPAMINE HYDROCHLORIDE,RACTOPAMINE HYDROCHLORIDE,Actogain,Zoetis Inc.,54771-8728-1,,,https://www.accessdata.fda.gov/spl/data/224dce61-1256-4e72-84de-12fb433d3bc5/224dce61-1256-4e72-84de-12fb433d3bc5.xml,1,1,OTC - Feed
OTC TYPE A MEDICATED ARTICLE ANIMAL DRUG,ANADA,ANADA200639,MONENSIN,MONENSIN TYPE A MEDICATED ARTICLE,Monovet 90,"Huvepharma, Inc.","23243-0064-5,23243-0064-9",,,https://www.accessdata.fda.gov/spl/data/685217cd-73a2-4832-a8e2-80de259cf9f3/685217cd-73a2-4832-a8e2-80de259cf9f3.xml,1,2,OTC - Feed
OTC TYPE A MEDICATED ARTICLE ANIMAL DRUG,ANADA,ANADA200679,RACTOPAMINE HYDROCHLORIDE,RACTOPAMINE HYDROCHLORIDE,Optigrid 45,"Huvepharma, Inc",23243-7264-1,,,https://www.accessdata.fda.gov/spl/data/c408f3a5-56f0-472c-a1a2-dd50604c1ad4/c408f3a5-56f0-472c-a1a2-dd50604c1ad4.xml,1,1,OTC - Feed
OTC TYPE A MEDICATED ARTICLE ANIMAL DRUG,ANADA,ANADA200768,RACTOPAMINE HYDROCHLORIDE,RACTOPAMINE HYDROCHLORIDE,Ravantage 45,"Huvepharma, Inc",23243-5278-5,,,https://www.accessdata.fda.gov/spl/data/6750072d-5d7e-472a-8ed4-ce7a93ca7139/6750072d-5d7e-472a-8ed4-ce7a93ca7139.xml,1,1,OTC - Feed
OTC TYPE A MEDICATED ARTICLE ANIMAL DRUG,ANADA,ANADA200783,MONENSIN,MONENSIN TYPE A MEDICATED ARTICLE,Coxidin 90,"Huvepharma, Inc.",23243-7500-5,,,https://www.accessdata.fda.gov/spl/data/59853d65-61fb-4119-88d6-6de752503553/59853d65-61fb-4119-88d6-6de752503553.xml,1,1,OTC - Feed
OTC TYPE A MEDICATED ARTICLE ANIMAL DRUG,NADA,NADA038878,MONENSIN,MONENSIN,Coban 90,Elanco US Inc.,58198-1321-9,,,https://www.accessdata.fda.gov/spl/data/bdff3dc3-e755-4476-bf49-8af9f6c5944f/bdff3dc3-e755-4476-bf49-8af9f6c5944f.xml,1,1,OTC - Feed
OTC TYPE A MEDICATED ARTICLE ANIMAL DRUG,NADA,NADA095735,MONENSIN,MONENSIN,Rumensin 90,Elanco US Inc.,"58198-1825-1,58198-1825-2,58198-1825-3",,,https://www.accessdata.fda.gov/spl/data/5badd947-1c2f-48fc-8f86-f65773168174/5badd947-1c2f-48fc-8f86-f65773168174.xml,1,3,OTC - Feed
OTC TYPE A MEDICATED ARTICLE ANIMAL DRUG,NADA,NADA140863,RACTOPAMINE HYDROCHLORIDE,RACTOPAMINE HYDROCHLORIDE,Paylean 45,Elanco US Inc.,58198-0610-9,,,https://www.accessdata.fda.gov/spl/data/5adb8f58-7302-4fe0-867e-02309568599f/5adb8f58-7302-4fe0-867e-02309568599f.xml,1,1,OTC - Feed
OTC TYPE A MEDICATED ARTICLE ANIMAL DRUG,NADA,NADA141221,RACTOPAMINE HYDROCHLORIDE,RACTOPAMINE HYDROCHLORIDE,Optaflexx 45,Elanco US Inc.,58198-0630-9,,,https://www.accessdata.fda.gov/spl/data/f0d938a7-260b-43e3-b0c7-0d9103656cda/f0d938a7-260b-43e3-b0c7-0d9103656cda.xml,1,1,OTC - Feed
PRESCRIPTION ANIMAL DRUG,ANADA,ANADA200008,OXYTETRACYCLINE,OXYTETRACYCLINE,Bio-Mycin 200,Boehringer Ingelheim Animal Health USA Inc.,"0010-4753-01,0010-4753-02,0010-4753-03",,,https://www.accessdata.fda.gov/spl/data/0023cab1-4586-4d1e-b6e3-40ce327e1659/0023cab1-4586-4d1e-b6e3-40ce327e1659.xml,1,3,Prescription
PRESCRIPTION ANIMAL DRUG,ANADA,ANADA200026,OXYTETRACYCLINE HYDROCHLORIDE,OXYTETRACYCLINE HYDROCHLORIDE,Pennox 343,Pharmgate Animal Health,51429-343-02,,,https://www.accessdata.fda.gov/spl/data/edc066f2-a2cb-4a6c-925f-37bb91c61479/edc066f2-a2cb-4a6c-925f-37bb91c61479.xml,1,1,Prescription
PRESCRIPTION ANIMAL DRUG,ANADA,ANADA200029,KETAMINE HYDROCHLORIDE,KETAMINE HYDROCHLORIDE INJECTION,Ketamine Hydrochloride,Cronus Pharma LLC,69043-063-01,,,https://www.accessdata.fda.gov/spl/data/a5622b45-08f4-4172-ac5c-ee62961348ec/a5622b45-08f4-4172-ac5c-ee62961348ec.xml,1,1,Prescription
PRESCRIPTION ANIMAL DRUG,ANADA,ANADA200030,SULFADIMETHOXINE,SULFADIMETHOXINE CONCENTRATED SOLUTION 12.5%,Di-Methox Concentrated Solution 12.5%,"Huvepharma, Inc",23243-3700-7,,,https://www.accessdata.fda.gov/spl/data/5286efc3-c120-4052-8f93-e65aa9277b07/5286efc3-c120-4052-8f93-e65aa9277b07.xml,1,1,Prescription
PRESCRIPTION ANIMAL DRUG,ANADA,ANADA200030,SULFADIMETHOXINE,SULFADIMETHOXINE CONCENTRATED SOLUTION 12.5%,Sulfadimethoxine,"MWI Veterinary Supply, Inc.",13985-751-01,,,https://www.accessdata.fda.gov/spl/data/32d320a3-c96b-4b41-b83d-c188f7d3166a/32d320a3-c96b-4b41-b83d-c188f7d3166a.xml,1,1,Prescription
PRESCRIPTION ANIMAL DRUG,ANADA,ANADA200030,SULFADIMETHOXINE,SULFADIMETHOXINE SOLUTION 12.5%,Sulfadimethoxine Concentrated Solution 12.5%,"Aspen Veterinary Resources, Ltd",46066-555-93,,,https://www.accessdata.fda.gov/spl/data/5c16ee9f-51f1-4519-955c-2d136d92218d/5c16ee9f-51f1-4519-955c-2d136d92218d.xml,1,1,Prescription
PRESCRIPTION ANIMAL DRUG,ANADA,ANADA200038,SULFADIMETHOXINE,SULFADIMETHOXINE,DI-METHOX,"Huvepharma, Inc",23243-0410-5,,,https://www.accessdata.fda.gov/spl/data/719045d2-c223-48d5-b36b-b3d94cea0ef6/719045d2-c223-48d5-b36b-b3d94cea0ef6.xml,1,1,Prescription
PRESCRIPTION ANIMAL DRUG,ANADA,ANADA200038,SULFADIMETHOXINE,SULFADIMETHOXINE,SULFADIMETHOXINE 40%,"Aspen Veterinary Resources, Ltd.",46066-552-04,,,https://www.accessdata.fda.gov/spl/data/e793b087-9f82-4eab-80bf-a1574e03a21b/e793b087-9f82-4eab-80bf-a1574e03a21b.xml,1,1,Prescription
PRESCRIPTION ANIMAL DRUG,ANADA,ANADA200069,GONADORELIN DIACETATE TETRAHYDRATE,GONADORELIN,OvaCyst,"Bimeda, Inc.",61133-4002-1,,,https://www.accessdata.fda.gov/spl/data/0a929f54-5d8a-491a-b327-be7100e71b29/0a929f54-5d8a-491a-b327-be7100e71b29.xml,1,1,Prescription
PRESCRIPTION ANIMAL DRUG,ANADA,ANADA200073,KETAMINE HYDROCHLORIDE,KETAMINE HYDROCHLORIDE,Ketamine Hydrochloride,Dechra Veterinary Products LLC,17033-101-10,,,https://www.accessdata.fda.gov/spl/data/e78cd2c0-5dde-4f93-8b2d-4e941754d880/e78cd2c0-5dde-4f93-8b2d-4e941754d880.xml,1,1,Prescription
PRESCRIPTION ANIMAL DRUG,ANADA,ANADA200128,OXYTETRACYCLINE,OXYTETRACYCLINE,AGRIMYCIN 200,Huvepharma Inc,"23243-7430-4,23243-7430-5,23243-7430-6",,,https://www.accessdata.fda.gov/spl/data/59a8c42c-9ac3-48d0-a73b-f74d7ba4f68e/59a8c42c-9ac3-48d0-a73b-f74d7ba4f68e.xml,1,3,Prescription
PRESCRIPTION ANIMAL DRUG,ANADA,ANADA200128,OXYTETRACYCLINE,OXYTETRACYCLINE,TERRA-VET 200,"Aspen Veterinary Resources, Ltd","46066-553-03,46066-553-04,46066-553-05",,,https://www.accessdata.fda.gov/spl/data/985a9bc9-7793-4cee-adec-c7e31a76b2ad/985a9bc9-7793-4cee-adec-c7e31a76b2ad.xml,1,3,Prescription
PRESCRIPTION ANIMAL DRUG,ANADA,ANADA200128,OXYTETRACYCLINE,OXYTETRACYCLINE,VETRIMYCIN 200,"MWI Veterinary Supply, Inc.","13985-944-10,13985-944-25,13985-944-50",,,https://www.accessdata.fda.gov/spl/data/ab57763a-29b1-4b86-8aec-836e8c41e3f3/ab57763a-29b1-4b86-8aec-836e8c41e3f3.xml,1,3,Prescription
PRESCRIPTION ANIMAL DRUG,ANADA,ANADA200144,OXYTETRACYCLINE HYDROCHLORIDE,OXYTETRACYCLINE HCL,Tetroxy HCA,"Bimeda, Inc.","61133-5010-1,61133-5010-2,61133-5010-3",,,https://www.accessdata.fda.gov/spl/data/a8755727-65d8-490d-8cd9-bb7479dd1971/a8755727-65d8-490d-8cd9-bb7479dd1971.xml,1,3,Prescription
PRESCRIPTION ANIMAL DRUG,ANADA,ANADA200165,SULFADIMETHOXINE,SULFADIMETHOXINE CONCENTRATED SOLUTION 12.5%,Sulfadimethoxine Concentrated Solution 12.5%,Aspen Veterinary Resources Ltd,46066-081-11,,,https://www.accessdata.fda.gov/spl/data/2dafa601-67e5-45bd-85bd-1b49c5c0c40c/2dafa601-67e5-45bd-85bd-1b49c5c0c40c.xml,1,1,Prescription
PRESCRIPTION ANIMAL DRUG,ANADA,ANADA200165,SULFADIMETHOXINE,SULFADIMETHOXINE CONCENTRATED SOLUTION 12.5%,Sulfadimethoxine Concentrated Solution 12.5%,Cronus Pharma LLC,69043-025-89,,,https://www.accessdata.fda.gov/spl/data/bf1c1c8c-7bf0-4d59-9eda-8e3b11933332/bf1c1c8c-7bf0-4d59-9eda-8e3b11933332.xml,1,1,Prescription
PRESCRIPTION ANIMAL DRUG,ANADA,ANADA200165,SULFADIMETHOXINE,SULFADIMETHOXINE CONCENTRATED SOLUTION 12.5%,Sulfadimethoxine Concentrated Solution 12.5%,MWI ANIMAL HELATH,86136-110-47,,,https://www.accessdata.fda.gov/spl/data/31655265-4b89-4dad-9d2c-acc312ec9b5a/31655265-4b89-4dad-9d2c-acc312ec9b5a.xml,1,1,Prescription
PRESCRIPTION ANIMAL DRUG,ANADA,ANADA200180,AMPICILLIN TRIHYDRATE,AMPICILLIN,Ampicillin,US Vet Inc,86108-946-01,,,https://www.accessdata.fda.gov/spl/data/5c1ed4a3-1a51-40f1-8366-283acac482cf/5c1ed4a3-1a51-40f1-8366-283acac482cf.xml,1,1,Prescription
PRESCRIPTION ANIMAL DRUG,ANADA,ANADA200189,LINCOMYCIN HYDROCHLORIDE,LINCOMYCIN HYDROCHLORIDE,Lincomycin Hydrochloride Soluble Powder,"Huvepharma, Inc.","23243-6752-1,23243-6752-2,23243-6752-3,23243-6752-4,23243-6752-5,23243-6752-6",,,https://www.accessdata.fda.gov/spl/data/1d213bfa-47ca-4e9d-8a93-acb495c1def6/1d213bfa-47ca-4e9d-8a93-acb495c1def6.xml,1,6,Prescription
PRESCRIPTION ANIMAL DRUG,ANADA,ANADA200239,BUTORPHANOL TARTRATE,BUTORPHANOL TARTRATE,Dolorex,Schering Corporation,57926-722-66,,,https://www.accessdata.fda.gov/spl/data/6ca0c84e-df08-49f9-946b-fa4043346358/6ca0c84e-df08-49f9-946b-fa4043346358.xml,1,1,Prescription
PRESCRIPTION ANIMAL DRUG,ANADA,ANADA200247,OXYTETRACYCLINE HYDROCHLORIDE,OXYTETRACYCLINE HCL,Tetroxy 343,"Bimeda, Inc.","61133-3401-1,61133-3401-2,61133-3401-3,61133-3401-4",,,https://www.accessdata.fda.gov/spl/data/738a67d9-a93b-43e6-9501-f1cfffa059fb/738a67d9-a93b-43e6-9501-f1cfffa059fb.xml,1,4,Prescription
PRESCRIPTION ANIMAL DRUG,ANADA,ANADA200251,SULFADIMETHOXINE,SULFADIMETHOXINE ORAL SOLUTION,Sulforal,Dechra Veterinary Products,17033-415-01,,,https://www.accessdata.fda.gov/spl/data/772be955-bc31-4690-bf6e-c0ea441b5270/772be955-bc31-4690-bf6e-c0ea441b5270.xml,1,1,Prescription
PRESCRIPTION ANIMAL DRUG,ANADA,ANADA200253,DINOPROST TROMETHAMINE,DINOPROST TROMETHAMINE,ProstaMate Sterile,"Bimeda, Inc.",61133-4001-1,,,https://www.accessdata.fda.gov/spl/data/9c9cb4c2-0be7-461d-8ba4-f31b828cb235/9c9cb4c2-0be7-461d-8ba4-f31b828cb235.xml,1,1,Prescription
PRESCRIPTION ANIMAL DRUG,ANADA,ANADA200266,PHENYLBUTAZONE,PHENYLBUTAZONE,BUTEQUINE,"Vetoquinol USA, Inc.",17030-100-60,,,https://www.accessdata.fda.gov/spl/data/2fa4595c-8541-4285-bd1d-b202e92b1314/2fa4595c-8541-4285-bd1d-b202e92b1314.xml,1,1,Prescription
PRESCRIPTION ANIMAL DRUG,ANADA,ANADA200306,OXYTETRACYCLINE,OXYTETRACYCLINE,Oxytetracycline 200,Norbrook Laboratories Limited,"55529-004-02,55529-004-04,55529-004-05",,,https://www.accessdata.fda.gov/spl/data/c4217575-5042-4376-bee1-9cc17a2dab77/c4217575-5042-4376-bee1-9cc17a2dab77.xml,1,3,Prescription
PRESCRIPTION ANIMAL DRUG,ANADA,ANADA200306,OXYTETRACYCLINE,OXYTETRACYCLINE,Terra-Vet 200,Aspen Veterinary Resources,"46066-007-02,46066-007-04,46066-007-05",,,https://www.accessdata.fda.gov/spl/data/e9b6093c-e97f-4cc9-b52d-20b0155045a9/e9b6093c-e97f-4cc9-b52d-20b0155045a9.xml,1,3,Prescription
PRESCRIPTION ANIMAL DRUG,ANADA,ANADA200306,OXYTETRACYCLINE,OXYTETRACYCLINE,Vetrimycin 200,MWI Veterinary Supply Co,"13985-035-02,13985-035-04,13985-035-05",,,https://www.accessdata.fda.gov/spl/data/0304ff36-2cbc-477e-b452-ab5bea25b110/0304ff36-2cbc-477e-b452-ab5bea25b110.xml,1,3,Prescription
PRESCRIPTION ANIMAL DRUG,ANADA,ANADA200308,FLUNIXIN MEGLUMINE,FLUNIXIN MEGLUMINE,Flunixin,"BUTLER ANIMAL HEALTH SUPPLY, LLC dba COVETRUS NORTH AMERICA","11695-7021-1,11695-7021-2",,,https://www.accessdata.fda.gov/spl/data/a59b357a-623b-4d0a-92e2-6ad00347eee1/a59b357a-623b-4d0a-92e2-6ad00347eee1.xml,1,2,Prescription
PRESCRIPTION ANIMAL DRUG,ANADA,ANADA200308,FLUNIXIN MEGLUMINE,FLUNIXIN MEGLUMINE,Flunixin,Norbrook Laboratories Limited,"55529-006-01,55529-006-02,55529-006-04",,,https://www.accessdata.fda.gov/spl/data/3f9dcd9c-eb7a-412d-8e74-305cb3b9f125/3f9dcd9c-eb7a-412d-8e74-305cb3b9f125.xml,1,3,Prescription
PRESCRIPTION ANIMAL DRUG,ANADA,ANADA200308,FLUNIXIN MEGLUMINE,FLUNIXIN MEGLUMINE,Prevail,MWI Veterinary Supply Co,"13985-018-02,13985-018-04",,,https://www.accessdata.fda.gov/spl/data/b1a38790-7384-41dc-9902-e3570d705f01/b1a38790-7384-41dc-9902-e3570d705f01.xml,1,2,Prescription
PRESCRIPTION ANIMAL DRUG,ANADA,ANADA200308,FLUNIXIN MEGLUMINE,FLUNIXIN MEGLUMINE,VETAMEG,Aspen Veterinary Resources,"46066-008-02,46066-008-04",,,https://www.accessdata.fda.gov/spl/data/d011059d-eda7-46e9-95cf-3c4905bbf80e/d011059d-eda7-46e9-95cf-3c4905bbf80e.xml,1,2,Prescription
PRESCRIPTION ANIMAL DRUG,ANADA,ANADA200310,CLOPROSTENOL SODIUM,CLOPROSTENOL SODIUM,ESTROPLAN,Parnell Technologies Pty Ltd,"68504-001-01,68504-001-02",,,https://www.accessdata.fda.gov/spl/data/c63d99f9-84a0-4e18-9f05-2767c45baf58/c63d99f9-84a0-4e18-9f05-2767c45baf58.xml,1,2,Prescription
PRESCRIPTION ANIMAL DRUG,ANADA,ANADA200310,CLOPROSTENOL SODIUM,CLOPROSTENOL SODIUM,SYNCHSURE,Boehringer Ingelheim Animal Health USA Inc.,0010-3549-01,,,https://www.accessdata.fda.gov/spl/data/a97d18c9-13a8-4405-9ccf-49ca3963aead/a97d18c9-13a8-4405-9ccf-49ca3963aead.xml,1,1,Prescription
PRESCRIPTION ANIMAL DRUG,ANADA,ANADA200315,LINCOMYCIN HYDROCHLORIDE,LINCOMYCIN,LINCOMYCIN,"Sparhawk Laboratories, Inc.",58005-636-04,,,https://www.accessdata.fda.gov/spl/data/a7259d9f-4419-42c2-bc4e-3b24cdb59463/a7259d9f-4419-42c2-bc4e-3b24cdb59463.xml,1,1,Prescription
PRESCRIPTION ANIMAL DRUG,ANADA,ANADA200315,LINCOMYCIN HYDROCHLORIDE,LINCOMYCIN,LINCOMYCIN,VetTek,60270-343-10,,,https://www.accessdata.fda.gov/spl/data/2bb7ad5f-62a1-4de7-8ad7-fa41e502ac06/2bb7ad5f-62a1-4de7-8ad7-fa41e502ac06.xml,1,1,Prescription
PRESCRIPTION ANIMAL DRUG,ANADA,ANADA200315,LINCOMYCIN HYDROCHLORIDE,LINCOMYCIN,LINCOMYCIN 300,"MWI Veterinary Supply, Inc.",13985-577-10,,,https://www.accessdata.fda.gov/spl/data/1474f7fa-f4c2-4a7a-8717-9f8391d4328e/1474f7fa-f4c2-4a7a-8717-9f8391d4328e.xml,1,1,Prescription
PRESCRIPTION ANIMAL DRUG,ANADA,ANADA200322,BUTORPHANOL TARTRATE,BUTORPHANOL TARTRATE,Torphadine,Dechra Veterinary Products,"17033-097-01,17033-097-05",,,https://www.accessdata.fda.gov/spl/data/1b24b1a0-8711-45b4-ac28-ebb4f390e15c/1b24b1a0-8711-45b4-ac28-ebb4f390e15c.xml,1,2,Prescription
PRESCRIPTION ANIMAL DRUG,ANADA,ANADA200332,BUTORPHANOL TARTRATE,BUTORPHANOL TARTRATE INJECTION,Butorphic,Cronus Pharma LLC,"69043-064-02,69043-064-05",,,https://www.accessdata.fda.gov/spl/data/43b8b979-9c8e-4776-b03e-22b7f7e05fe5/43b8b979-9c8e-4776-b03e-22b7f7e05fe5.xml,1,2,Prescription
PRESCRIPTION ANIMAL DRUG,ANADA,ANADA200334,PHENYLBUTAZONE,PHENYLBUTAZONE,EQUIZONE 50/100,A&G Pharmaceuticals,"57699-001-11,57699-001-22",,,https://www.accessdata.fda.gov/spl/data/ad5f4e1f-f12b-4a2d-9882-402f8ca3728a/ad5f4e1f-f12b-4a2d-9882-402f8ca3728a.xml,1,2,Prescription
PRESCRIPTION ANIMAL DRUG,ANADA,ANADA200334,PHENYLBUTAZONE,PHENYLBUTAZONE,PHENYLBUTE,Clipper Distributing Company LLC,"57319-509-61,57319-509-62",,,https://www.accessdata.fda.gov/spl/data/55a9268c-d0b3-411f-848e-ee1bb4048e38/55a9268c-d0b3-411f-848e-ee1bb4048e38.xml,1,2,Prescription
PRESCRIPTION ANIMAL DRUG,ANADA,ANADA200341,IVERMECTIN,IVERMECTIN,SPARMECTIN E,"Sparhawk Laboratories, Inc.","58005-725-04,58005-725-05",,,https://www.accessdata.fda.gov/spl/data/57e348ce-062e-4b54-b5ff-a1d9f3a594f6/57e348ce-062e-4b54-b5ff-a1d9f3a594f6.xml,1,2,Prescription
PRESCRIPTION ANIMAL DRUG,ANADA,ANADA200364,SPECTINOMYCIN,SPECTINOMYCIN,SpectoGard Scour-Chek,"Bimeda, Inc.","61133-6002-5,61133-6002-6,61133-6002-7",,,https://www.accessdata.fda.gov/spl/data/534f1428-ec26-4da4-a35d-d3eac93949df/534f1428-ec26-4da4-a35d-d3eac93949df.xml,1,3,Prescription
PRESCRIPTION ANIMAL DRUG,ANADA,ANADA200368,LINCOMYCIN HYDROCHLORIDE,LINCOMYCIN,LincoBac 300,MWI/VetOne,13985-576-10,,,https://www.accessdata.fda.gov/spl/data/045b1250-2b85-4e67-8caa-50d833b8dce9/045b1250-2b85-4e67-8caa-50d833b8dce9.xml,1,1,Prescription
PRESCRIPTION ANIMAL DRUG,ANADA,ANADA200368,LINCOMYCIN HYDROCHLORIDE,LINCOMYCIN,Lincomycin,Aspen Veterinary Resources,46066-502-02,,,https://www.accessdata.fda.gov/spl/data/73bbd0ad-0a1e-4b5a-800a-654f3ac9cc22/73bbd0ad-0a1e-4b5a-800a-654f3ac9cc22.xml,1,1,Prescription
PRESCRIPTION ANIMAL DRUG,ANADA,ANADA200371,PHENYLBUTAZONE,PHENYLBUTAZONE,EQUI-PHAR,"Vedco, Inc.",50989-425-12,,,https://www.accessdata.fda.gov/spl/data/ff776fe0-3483-47d2-b5a3-269eaa68ddee/ff776fe0-3483-47d2-b5a3-269eaa68ddee.xml,1,1,Prescription
PRESCRIPTION ANIMAL DRUG,ANADA,ANADA200371,PHENYLBUTAZONE,PHENYLBUTAZONE,PHENYLBUTAZONE,"Aspen Veterinary Resources, Ltd.",46066-282-04,,,https://www.accessdata.fda.gov/spl/data/fb1bc180-0cb5-4732-af0c-726c017737e8/fb1bc180-0cb5-4732-af0c-726c017737e8.xml,1,1,Prescription
PRESCRIPTION ANIMAL DRUG,ANADA,ANADA200371,PHENYLBUTAZONE,PHENYLBUTAZONE,PHENYLBUTAZONE,Covetrus North America,11695-4152-1,,,https://www.accessdata.fda.gov/spl/data/cbcd7a32-a9b5-464c-b546-4103644adb51/cbcd7a32-a9b5-464c-b546-4103644adb51.xml,1,1,Prescription
PRESCRIPTION ANIMAL DRUG,ANADA,ANADA200371,PHENYLBUTAZONE,PHENYLBUTAZONE,PHENYLBUTAZONE,MWI/VetOne,13985-825-04,,,https://www.accessdata.fda.gov/spl/data/58cde899-bc6f-47df-a093-37c7a3839fa0/58cde899-bc6f-47df-a093-37c7a3839fa0.xml,1,1,Prescription
PRESCRIPTION ANIMAL DRUG,ANADA,ANADA200371,PHENYLBUTAZONE,PHENYLBUTAZONE,PHENYLBUTE,"Clipper Distributing Company, LLC",57319-508-05,,,https://www.accessdata.fda.gov/spl/data/24ae8037-9f58-4b61-9f81-2dc027b822cf/24ae8037-9f58-4b61-9f81-2dc027b822cf.xml,1,1,Prescription
PRESCRIPTION ANIMAL DRUG,ANADA,ANADA200373,FUROSEMIDE,FUROSEMIDE,Furosemide 1%,"Butler Animal health Supply, LLC dba Covetrus North America",11695-2222-2,,,https://www.accessdata.fda.gov/spl/data/cde3981c-0e11-4148-80cc-f09cb4d5349d/cde3981c-0e11-4148-80cc-f09cb4d5349d.xml,1,1,Prescription
PRESCRIPTION ANIMAL DRUG,ANADA,ANADA200373,FUROSEMIDE,FUROSEMIDE,Furosemide 1%,FIRST PRIORITY INCORPORATED,58829-303-60,,,https://www.accessdata.fda.gov/spl/data/a15cf9ff-8911-42e9-8157-3f1748af3dfa/a15cf9ff-8911-42e9-8157-3f1748af3dfa.xml,1,1,Prescription
PRESCRIPTION ANIMAL DRUG,ANADA,ANADA200373,FUROSEMIDE,FUROSEMIDE,Furosemide 1%,MWI,13985-303-60,,,https://www.accessdata.fda.gov/spl/data/c045bf53-a1de-4167-a958-52d710aab4eb/c045bf53-a1de-4167-a958-52d710aab4eb.xml,1,1,Prescription
PRESCRIPTION ANIMAL DRUG,ANADA,ANADA200377,LINCOMYCIN HYDROCHLORIDE,LINCOMYCIN HYDROCHLORIDE,LinxMed-SP,"Bimeda, Inc.","61133-5482-1,61133-5482-2,61133-5482-3,61133-5482-4,61133-5482-5",,,https://www.accessdata.fda.gov/spl/data/c62a51ab-ca9f-4809-b48b-601af8764636/c62a51ab-ca9f-4809-b48b-601af8764636.xml,1,5,Prescription
PRESCRIPTION ANIMAL DRUG,ANADA,ANADA200387,FLUNIXIN MEGLUMINE,FLUNIXIN MEGLUMINE,Flunazine,"Bimeda, Inc.","61133-6006-2,61133-6006-3",,,https://www.accessdata.fda.gov/spl/data/45571215-3722-4b91-9131-cae64f1d82c7/45571215-3722-4b91-9131-cae64f1d82c7.xml,1,2,Prescription
PRESCRIPTION ANIMAL DRUG,ANADA,ANADA200387,FLUNIXIN MEGLUMINE,FLUNIXIN MEGLUMINE,Flunixin,VetTek,60270-838-13,,,https://www.accessdata.fda.gov/spl/data/dc55824a-4674-4285-bec4-4bbffbd0d07f/dc55824a-4674-4285-bec4-4bbffbd0d07f.xml,1,1,Prescription
PRESCRIPTION ANIMAL DRUG,ANADA,ANADA200387,FLUNIXIN MEGLUMINE,FLUNIXIN MEGLUMINE,VetaMeg,Aspen Veterinary Resources,"46066-102-03,46066-102-04",,,https://www.accessdata.fda.gov/spl/data/ab56582c-a353-4cfd-8697-577bac55843b/ab56582c-a353-4cfd-8697-577bac55843b.xml,1,2,Prescription
PRESCRIPTION ANIMAL DRUG,ANADA,ANADA200433,PHENYLBUTAZONE,PHENYLBUTAZONE,PRIBUTAZONE,FIRST PRIORITY INCORPORATED,58829-334-10,,,https://www.accessdata.fda.gov/spl/data/23e15441-ae0a-498c-8d42-e4a05bde210a/23e15441-ae0a-498c-8d42-e4a05bde210a.xml,1,1,Prescription
PRESCRIPTION ANIMAL DRUG,ANADA,ANADA200433,PHENYLBUTAZONE,PHENYLBUTAZONE,Phenylbutazone Boluses,"Butler Animal health Supply, LLC dba Covetrus North America",11695-2213-1,,,https://www.accessdata.fda.gov/spl/data/ac9b07f7-71f5-4f4a-90eb-091579e75f9e/ac9b07f7-71f5-4f4a-90eb-091579e75f9e.xml,1,1,Prescription
PRESCRIPTION ANIMAL DRUG,ANADA,ANADA200433,PHENYLBUTAZONE,PHENYLBUTAZONE,VetriBute,MWI,13985-565-01,,,https://www.accessdata.fda.gov/spl/data/6cefbc30-688e-410f-b843-9fe576264108/6cefbc30-688e-410f-b843-9fe576264108.xml,1,1,Prescription
PRESCRIPTION ANIMAL DRUG,ANADA,ANADA200434,SULFAMETHAZINE,SODIUM SULFAMETHAZINE,SMZ-Med 454,"Bimeda, Inc.",61133-8001-1,,,https://www.accessdata.fda.gov/spl/data/b870374f-cc41-4591-8517-23e661a66047/b870374f-cc41-4591-8517-23e661a66047.xml,1,1,Prescription
PRESCRIPTION ANIMAL DRUG,ANADA,ANADA200455,TYLOSIN TARTRATE,TYLOSIN TARTRATE,BiloVet,"Bimeda, Inc.","61133-5600-1,61133-5600-2",,,https://www.accessdata.fda.gov/spl/data/418d7b47-66f5-4f51-bb5a-8b428dffe12e/418d7b47-66f5-4f51-bb5a-8b428dffe12e.xml,1,2,Prescription
PRESCRIPTION ANIMAL DRUG,ANADA,ANADA200455,TYLOSIN TARTRATE,TYLOSIN TARTRATE,Tylosin Soluble Powder,MWI/VetOne,"13985-710-05,13985-710-10",,,https://www.accessdata.fda.gov/spl/data/ae0c3f73-20f0-4e0a-b390-f0c2d746f4fb/ae0c3f73-20f0-4e0a-b390-f0c2d746f4fb.xml,1,2,Prescription
PRESCRIPTION ANIMAL DRUG,ANADA,ANADA200455,TYLOSIN TARTRATE,TYLOSIN TARTRATE,Tylosin Tartrate,"Aspen Veterinary Resources, LTD","46066-504-47,46066-504-48",,,https://www.accessdata.fda.gov/spl/data/c8ff5df1-ea94-417f-b91d-1d74e3c047e1/c8ff5df1-ea94-417f-b91d-1d74e3c047e1.xml,1,2,Prescription
PRESCRIPTION ANIMAL DRUG,ANADA,ANADA200473,TYLOSIN TARTRATE,TYLOSIN TARTRATE,Tylovet Soluble,"Huvepharma, Inc.",23243-2220-1,,,https://www.accessdata.fda.gov/spl/data/e4ad491c-0600-4087-8d2e-13d1cec9d5ee/e4ad491c-0600-4087-8d2e-13d1cec9d5ee.xml,1,1,Prescription
PRESCRIPTION ANIMAL DRUG,ANADA,ANADA200476,FLUNIXIN MEGLUMINE,FLUNIXIN MEGLUMINE,Flunixin-S,Norbrook Laboratories Limited,"55529-030-02,55529-030-04",,,https://www.accessdata.fda.gov/spl/data/96c868d1-cf83-41d2-82ea-c15ff47696b6/96c868d1-cf83-41d2-82ea-c15ff47696b6.xml,1,2,Prescription
PRESCRIPTION ANIMAL DRUG,ANADA,ANADA200476,FLUNIXIN MEGLUMINE,FLUNIXIN MEGLUMINE,Vetameg S,Aspen Veterinary Resources,"46066-191-03,46066-191-04",,,https://www.accessdata.fda.gov/spl/data/97180501-9dea-434e-90b7-576b49394bed/97180501-9dea-434e-90b7-576b49394bed.xml,1,2,Prescription
PRESCRIPTION ANIMAL DRUG,ANADA,ANADA200489,FLUNIXIN MEGLUMINE,FLUNIXIN MEGLUMINE,Flunazine-S,"Bimeda, Inc.","61133-6015-2,61133-6015-3",,,https://www.accessdata.fda.gov/spl/data/c2906489-24f2-4111-8fb2-c3fed6d7e195/c2906489-24f2-4111-8fb2-c3fed6d7e195.xml,1,2,Prescription
PRESCRIPTION ANIMAL DRUG,ANADA,ANADA200495,ENROFLOXACIN,ENROFLOXACIN,Enroflox 100,Norbrook Laboratories Limited,"55529-152-02,55529-152-04,55529-152-05",,,https://www.accessdata.fda.gov/spl/data/e1dc3fda-f6e9-4569-a9b0-e21b0e005864/e1dc3fda-f6e9-4569-a9b0-e21b0e005864.xml,1,3,Prescription
PRESCRIPTION ANIMAL DRUG,ANADA,ANADA200495,ENROFLOXACIN,ENROFLOXACIN,Enrofloxacin 100,"BUTLER ANIMAL HEALTH SUPPLY, LLC dba COVETRUS NORTH AMERICA","11695-7022-1,11695-7022-2",,,https://www.accessdata.fda.gov/spl/data/3c926f07-751a-4154-b24b-8d73fdb8cb79/3c926f07-751a-4154-b24b-8d73fdb8cb79.xml,1,2,Prescription
PRESCRIPTION ANIMAL DRUG,ANADA,ANADA200508,TYLOSIN,TYLOSIN,BiloVet,"Bimeda, Inc.","61133-4011-2,61133-4011-3",,,https://www.accessdata.fda.gov/spl/data/6b1ffd0e-e51b-49e9-82c1-0c41e302d342/6b1ffd0e-e51b-49e9-82c1-0c41e302d342.xml,1,2,Prescription
PRESCRIPTION ANIMAL DRUG,ANADA,ANADA200513,ENROFLOXACIN,ENROFLOXACIN,Enroflox,Norbrook Laboratories Limited,"55529-154-01,55529-154-02,55529-154-11",,,https://www.accessdata.fda.gov/spl/data/b7a1c349-44f7-4250-b9c9-3fcdaf837d99/b7a1c349-44f7-4250-b9c9-3fcdaf837d99.xml,1,3,Prescription
PRESCRIPTION ANIMAL DRUG,ANADA,ANADA200513,ENROFLOXACIN,ENROFLOXACIN,Enrosite,MWI/VetOne,"13985-709-20,13985-709-50",,,https://www.accessdata.fda.gov/spl/data/3cc4bd72-8ac0-45f8-8372-02680b8cf1ef/3cc4bd72-8ac0-45f8-8372-02680b8cf1ef.xml,1,2,Prescription
PRESCRIPTION ANIMAL DRUG,ANADA,ANADA200513,ENROFLOXACIN,ENROFLOXACIN,Fluroxin for Dogs 2.27%,Aspen Veterinary Resources,"46066-023-01,46066-023-02,46066-023-03",,,https://www.accessdata.fda.gov/spl/data/5e843616-ef93-427c-ae79-2d0595284a14/5e843616-ef93-427c-ae79-2d0595284a14.xml,1,3,Prescription
PRESCRIPTION ANIMAL DRUG,ANADA,ANADA200523,SULFADIMETHOXINE,SULFADIMETHOXINE,SulfaMed,"Bimeda, Inc.",61133-6016-1,,,https://www.accessdata.fda.gov/spl/data/f36f3725-2b19-4077-826b-79093fa285c2/f36f3725-2b19-4077-826b-79093fa285c2.xml,1,1,Prescription
PRESCRIPTION ANIMAL DRUG,ANADA,ANADA200523,SULFADIMETHOXINE,SULFADIMETHOXINE,SulfaMed,VetOne,13985-574-24,,,https://www.accessdata.fda.gov/spl/data/ea52a36c-ecbf-4584-afeb-5904fa5848e7/ea52a36c-ecbf-4584-afeb-5904fa5848e7.xml,1,1,Prescription
PRESCRIPTION ANIMAL DRUG,ANADA,ANADA200529,XYLAZINE HYDROCHLORIDE,XYLAZINE,Xylazine,COVETRUS,11695-4024-1,,,https://www.accessdata.fda.gov/spl/data/b35d2671-b8df-4128-b9ea-9850bfb86805/b35d2671-b8df-4128-b9ea-9850bfb86805.xml,1,1,Prescription
PRESCRIPTION ANIMAL DRUG,ANADA,ANADA200573,DEXMEDETOMIDINE HYDROCHLORIDE,DEXMEDETOMIDINE HYDROCHLORIDE,Dexmedesed,Dechra Veterinary Products LLC,17033-005-10,,,https://www.accessdata.fda.gov/spl/data/bde1d43d-b435-40aa-921a-509936149cbc/bde1d43d-b435-40aa-921a-509936149cbc.xml,1,1,Prescription
PRESCRIPTION ANIMAL DRUG,ANADA,ANADA200581,FLUNIXIN MEGLUMINE,FLUNIXIN MEGLUMINE,Flunazine,Bimeda Inc.,61133-6007-1,,,https://www.accessdata.fda.gov/spl/data/3f744d71-750f-4d6b-ad44-d4a49ef552be/3f744d71-750f-4d6b-ad44-d4a49ef552be.xml,1,1,Prescription
PRESCRIPTION ANIMAL DRUG,ANADA,ANADA200581,FLUNIXIN MEGLUMINE,FLUNIXIN MEGLUMINE,Prevail,MWI,13985-707-15,,,https://www.accessdata.fda.gov/spl/data/78275708-0de5-4817-9bb4-4aef0f47a333/78275708-0de5-4817-9bb4-4aef0f47a333.xml,1,1,Prescription
PRESCRIPTION ANIMAL DRUG,ANADA,ANADA200581,FLUNIXIN MEGLUMINE,FLUNIXIN MEGLUMINE,VetaMeg,Aspen Veterinary Resources,46066-503-01,,,https://www.accessdata.fda.gov/spl/data/6fb1648d-e35a-40e2-a45b-65c6ef3dc93e/6fb1648d-e35a-40e2-a45b-65c6ef3dc93e.xml,1,1,Prescription
PRESCRIPTION ANIMAL DRUG,ANADA,ANADA200582,FLORFENICOL,FLORFENICOL,Loncor 300,Zoetis Inc.,"54771-7318-1,54771-7318-2",,,https://www.accessdata.fda.gov/spl/data/5735a316-4dc6-47fa-ac33-823263c0c0fc/5735a316-4dc6-47fa-ac33-823263c0c0fc.xml,1,2,Prescription
PRESCRIPTION ANIMAL DRUG,ANADA,ANADA200588,FLORFENICOL,FLORFENICOL,Florfenicol,"Sparhawk Laboratories, Inc","58005-742-04,58005-742-05,58005-742-06",,,https://www.accessdata.fda.gov/spl/data/23af65bc-bf4d-4b6a-b3b6-f75b0124ea4a/23af65bc-bf4d-4b6a-b3b6-f75b0124ea4a.xml,1,3,Prescription
PRESCRIPTION ANIMAL DRUG,ANADA,ANADA200589,FLORFENICOL,FLORFENICOL,FLORCON,Dechra Veterinary Products,17033-425-22,,,https://www.accessdata.fda.gov/spl/data/94fe77a0-16f4-4d4d-9816-d204d9e021e7/94fe77a0-16f4-4d4d-9816-d204d9e021e7.xml,1,1,Prescription
PRESCRIPTION ANIMAL DRUG,ANADA,ANADA200591,FLORFENICOL,FLORFENICOL,Norfenicol,Norbrook Laboratories Limited,"55529-155-02,55529-155-04,55529-155-05",,,https://www.accessdata.fda.gov/spl/data/97aeccac-02e0-4b91-b9dd-5013f990ed3b/97aeccac-02e0-4b91-b9dd-5013f990ed3b.xml,1,3,Prescription
PRESCRIPTION ANIMAL DRUG,ANADA,ANADA200598,ENROFLOXACIN,ENROFLOXACIN,EnroMed,"Bimeda, Inc.","61133-4006-1,61133-4006-2,61133-4006-3",,,https://www.accessdata.fda.gov/spl/data/27af2fe4-1837-4cc1-87d8-e7396996b448/27af2fe4-1837-4cc1-87d8-e7396996b448.xml,1,3,Prescription
PRESCRIPTION ANIMAL DRUG,ANADA,ANADA200598,ENROFLOXACIN,ENROFLOXACIN,Quellaxcin,Aspen Veterinary Resources,"46066-103-03,46066-103-04,46066-103-05",,,https://www.accessdata.fda.gov/spl/data/aeb52522-8d7f-48fc-958e-93c671d4ab78/aeb52522-8d7f-48fc-958e-93c671d4ab78.xml,1,3,Prescription
PRESCRIPTION ANIMAL DRUG,ANADA,ANADA200611,DETOMIDINE HYDROCHLORIDE,DETOMIDINE HYDROCHLORIDE,DetomiSed,Cronus Pharma LLC,69043-057-02,,,https://www.accessdata.fda.gov/spl/data/3b4b60e4-7e40-4168-88af-f0eb2dc7cd7f/3b4b60e4-7e40-4168-88af-f0eb2dc7cd7f.xml,1,1,Prescription
PRESCRIPTION ANIMAL DRUG,ANADA,ANADA200616,CEFTIOFUR HYDROCHLORIDE,CEFTIOFUR HYDROCHLORIDE,Cefenil RTU,Norbrook Laboratories Limited,"55529-163-02,55529-163-04",,,https://www.accessdata.fda.gov/spl/data/636170da-f7ee-4dd1-bfbf-14e212a52c24/636170da-f7ee-4dd1-bfbf-14e212a52c24.xml,1,2,Prescription
PRESCRIPTION ANIMAL DRUG,ANADA,ANADA200628,ENROFLOXACIN,ENROFLOXACIN,Enrofloxacin,"Sparhawk Laboratories, Inc","58005-106-04,58005-106-05,58005-106-06",,,https://www.accessdata.fda.gov/spl/data/e41aa1bc-ae90-4cd5-9559-6e04474e769f/e41aa1bc-ae90-4cd5-9559-6e04474e769f.xml,1,3,Prescription
PRESCRIPTION ANIMAL DRUG,ANADA,ANADA200657,TULATHROMYCIN,TULATHROMYCIN,Macrosyn,"Bimeda, Inc.","61133-4010-1,61133-4010-2,61133-4010-3,61133-4010-4",,,https://www.accessdata.fda.gov/spl/data/b97bd34b-bef7-4a19-b145-4bf0442d9e25/b97bd34b-bef7-4a19-b145-4bf0442d9e25.xml,1,4,Prescription
PRESCRIPTION ANIMAL DRUG,ANADA,ANADA200665,TULATHROMYCIN,TULATHROMYCIN,Increxxa 25,Elanco US Inc.,"58198-7210-2,58198-7210-3",,,https://www.accessdata.fda.gov/spl/data/4be47e92-3288-472f-a622-56eab7ed1f42/4be47e92-3288-472f-a622-56eab7ed1f42.xml,1,2,Prescription
PRESCRIPTION ANIMAL DRUG,ANADA,ANADA200666,TULATHROMYCIN,TULATHROMYCIN,Increxxa,Elanco US Inc.,"58198-9019-1,58198-9019-2,58198-9019-3,58198-9019-4,58198-9019-5,58198-9019-6",,,https://www.accessdata.fda.gov/spl/data/16fa34bb-2377-417c-a640-697f07b06b92/16fa34bb-2377-417c-a640-697f07b06b92.xml,1,6,Prescription
PRESCRIPTION ANIMAL DRUG,ANADA,ANADA200668,TULATHROMYCIN,TULATHROMYCIN,Tulissin 25,"Virbac AH, Inc.","51311-002-10,51311-002-25",,,https://www.accessdata.fda.gov/spl/data/57c53be9-8ffd-4c74-920c-e2be870c8285/57c53be9-8ffd-4c74-920c-e2be870c8285.xml,1,2,Prescription
PRESCRIPTION ANIMAL DRUG,ANADA,ANADA200669,TULATHROMYCIN,TULATHROMYCIN,Tulissin 100,"Virbac AH, Inc.","51311-006-10,51311-006-25,51311-006-50,51311-006-51",,,https://www.accessdata.fda.gov/spl/data/9922998f-0cc0-4f7d-b2dc-521842d66316/9922998f-0cc0-4f7d-b2dc-521842d66316.xml,1,4,Prescription
PRESCRIPTION ANIMAL DRUG,ANADA,ANADA200674,DETOMIDINE HYDROCHLORIDE,DETOMIDINE HYDROCHLORIDE,Detomequin,Modern Veterinary Therapeutics LLC,"15914-007-01,15914-007-02",,,https://www.accessdata.fda.gov/spl/data/c18de470-621a-45c5-b7ad-9f886536a318/c18de470-621a-45c5-b7ad-9f886536a318.xml,1,2,Prescription
PRESCRIPTION ANIMAL DRUG,ANADA,ANADA200680,ENROFLOXACIN,ENROFLOXACIN,Enrofloxacin Flavored,"BUTLER ANIMAL HEALTH SUPPLY, LLC DBA COVETRUS NORTH AMERICA","11695-6954-1,11695-6954-5,11695-6955-2,11695-6955-5,11695-6956-2,11695-6956-5",,,https://www.accessdata.fda.gov/spl/data/2df473c7-db26-4c1b-b7f7-e73093874d15/2df473c7-db26-4c1b-b7f7-e73093874d15.xml,1,6,Prescription
PRESCRIPTION ANIMAL DRUG,ANADA,ANADA200680,ENROFLOXACIN,ENROFLOXACIN,Enrofloxacin Flavored,FELIX PHARMACEUTICALS PRIVATE LIMITED,"86101-001-11,86101-001-19,86101-002-16,86101-002-50,86101-003-15,86101-003-50",,,https://www.accessdata.fda.gov/spl/data/a4a6f791-36ce-499f-8db2-e965c4818e1d/a4a6f791-36ce-499f-8db2-e965c4818e1d.xml,1,6,Prescription
PRESCRIPTION ANIMAL DRUG,ANADA,ANADA200680,ENROFLOXACIN,ENROFLOXACIN,Enroquin Flavored,"Dechra Vet Products, LLC","17033-303-10,17033-303-50,17033-304-05,17033-304-25,17033-305-05,17033-305-20",,,https://www.accessdata.fda.gov/spl/data/18c3415a-52ff-4c89-b415-84c8701dd653/18c3415a-52ff-4c89-b415-84c8701dd653.xml,1,6,Prescription
PRESCRIPTION ANIMAL DRUG,ANADA,ANADA200680,ENROFLOXACIN,ENROFLOXACIN,Enrosite Flavored,MWI/Vetone,"13985-978-05,13985-978-10,13985-979-25,13985-979-50,13985-980-20,13985-980-50",,,https://www.accessdata.fda.gov/spl/data/50f079c9-b61f-4ad1-9de6-a6efe5ee8d60/50f079c9-b61f-4ad1-9de6-a6efe5ee8d60.xml,1,6,Prescription
PRESCRIPTION ANIMAL DRUG,ANADA,ANADA200680,ENROFLOXACIN,ENROFLOXACIN,Fluroxin Flavored,"ASPEN VETERINARY RESOURCES®, LTD","46066-018-32,46066-018-34,46066-019-31,46066-019-33,46066-020-29,46066-020-31",,,https://www.accessdata.fda.gov/spl/data/ae1a53c3-463a-40ce-bce3-921724749cef/ae1a53c3-463a-40ce-bce3-921724749cef.xml,1,6,Prescription
PRESCRIPTION ANIMAL DRUG,ANADA,ANADA200688,ENROFLOXACIN,ENROFLOXACIN,Tenotryl,"Virbac AH, Inc.","51311-027-10,51311-027-25,51311-027-50",,,https://www.accessdata.fda.gov/spl/data/3f1398e4-3df1-4538-901d-2ceb5767f462/3f1398e4-3df1-4538-901d-2ceb5767f462.xml,1,3,Prescription
PRESCRIPTION ANIMAL DRUG,ANADA,ANADA200699,DEXMEDETOMIDINE HYDROCHLORIDE,DEXMEDETOMIDINE HYDROCHLORIDE,Dexmedetomidine Hydrochloride,"BUTLER ANIMAL HEALTH SUPPLY, LLC DBA COVETRUS NORTH AMERICA",11695-6967-1,,,https://www.accessdata.fda.gov/spl/data/4d96efb9-18c3-435c-a9fb-e27f8cc85468/4d96efb9-18c3-435c-a9fb-e27f8cc85468.xml,1,1,Prescription
PRESCRIPTION ANIMAL DRUG,ANADA,ANADA200699,DEXMEDETOMIDINE HYDROCHLORIDE,DEXMEDETOMIDINE HYDROCHLORIDE,Dexmedetomidine Hydrochloride,Parnell Technologies Pty Ltd,68504-006-10,,,https://www.accessdata.fda.gov/spl/data/7ab072f7-c1d4-4510-83eb-390ef9cab5f2/7ab072f7-c1d4-4510-83eb-390ef9cab5f2.xml,1,1,Prescription
PRESCRIPTION ANIMAL DRUG,ANADA,ANADA200707,TILMICOSIN PHOSPHATE,TILMICOSIN PHOSPHATE,Tilmovet AC Oral Solution,"Huvepharma, Inc.",23243-7287-1,,,https://www.accessdata.fda.gov/spl/data/ada19da2-4dbe-4ea7-9c48-b5c7d4769117/ada19da2-4dbe-4ea7-9c48-b5c7d4769117.xml,1,1,Prescription
PRESCRIPTION ANIMAL DRUG,ANADA,ANADA200708,ENROFLOXACIN,ENROFLOXACIN,Enrofloxacin,"BUTLER ANIMAL HEALTH SUPPLY, LLC DBA COVETRUS NORTH AMERICA",11695-6999-1,,,https://www.accessdata.fda.gov/spl/data/e3a6c965-34ee-46b8-baf6-335ac48caf15/e3a6c965-34ee-46b8-baf6-335ac48caf15.xml,1,1,Prescription
PRESCRIPTION ANIMAL DRUG,ANADA,ANADA200708,ENROFLOXACIN,ENROFLOXACIN,Enrofloxacin,FELIX PHARMACEUTICALS PRIVATE LIMITED,86101-015-42,,,https://www.accessdata.fda.gov/spl/data/a158a056-c84c-4f72-b2e3-7e3898a9f517/a158a056-c84c-4f72-b2e3-7e3898a9f517.xml,1,1,Prescription
PRESCRIPTION ANIMAL DRUG,ANADA,ANADA200708,ENROFLOXACIN,ENROFLOXACIN,Enroquin,"Dechra Vet Products, LLC",17033-324-20,,,https://www.accessdata.fda.gov/spl/data/9c00a7d9-c88f-4e08-a6b3-d53d98a84724/9c00a7d9-c88f-4e08-a6b3-d53d98a84724.xml,1,1,Prescription
PRESCRIPTION ANIMAL DRUG,ANADA,ANADA200715,TULATHROMYCIN,TULATHROMYCIN,Arovyn,Merck Sharp & Dohme Corp.,"0061-6607-02,0061-6607-03,0061-6607-04,0061-6607-05",,,https://www.accessdata.fda.gov/spl/data/f5cea869-babd-4b0d-ad3f-a16fc9e38f92/f5cea869-babd-4b0d-ad3f-a16fc9e38f92.xml,1,4,Prescription
PRESCRIPTION ANIMAL DRUG,ANADA,ANADA200720,ENROFLOXACIN,ENROFLOXACIN,Enroflox,Norbrook Laboratories Limited,"55529-180-26,55529-180-34,55529-181-26,55529-181-34,55529-182-26,55529-182-34",,,https://www.accessdata.fda.gov/spl/data/a749073b-9e18-4667-81f3-75be50986207/a749073b-9e18-4667-81f3-75be50986207.xml,1,6,Prescription
PRESCRIPTION ANIMAL DRUG,ANADA,ANADA200723,TULATHROMYCIN,TULATHROMYCIN,Tulieve,Norbrook Laboratories Limited,"55529-166-01,55529-166-02,55529-166-04,55529-166-05,55529-166-06",,,https://www.accessdata.fda.gov/spl/data/10dd2601-59ac-4554-820d-9719b9e314c7/10dd2601-59ac-4554-820d-9719b9e314c7.xml,1,5,Prescription
PRESCRIPTION ANIMAL DRUG,ANADA,ANADA200730,TULATHROMYCIN,TULATHROMYCIN,RESPIRmycin,Parnell Technologies Pty Ltd,"68504-004-01,68504-004-02,68504-004-03,68504-004-04",,,https://www.accessdata.fda.gov/spl/data/7a785de7-2b46-4c2d-95f9-4ec6c015b3b5/7a785de7-2b46-4c2d-95f9-4ec6c015b3b5.xml,1,4,Prescription
PRESCRIPTION ANIMAL DRUG,ANADA,ANADA200730,TULATHROMYCIN,TULATHROMYCIN,VACASAN,"Huvepharma, Inc.","23243-5282-1,23243-5282-2,23243-5282-5,23243-5282-6",,,https://www.accessdata.fda.gov/spl/data/d85e00db-9f86-44f6-9e84-db2246c83d82/d85e00db-9f86-44f6-9e84-db2246c83d82.xml,1,4,Prescription
PRESCRIPTION ANIMAL DRUG,ANADA,ANADA200737,ENROFLOXACIN,ENROFLOXACIN,Enrofloxacin,ZYVET ANIMAL HEALTH INC.,"86117-006-07,86117-006-12",,,https://www.accessdata.fda.gov/spl/data/78233624-fb4e-4eee-a208-8013990fec9b/78233624-fb4e-4eee-a208-8013990fec9b.xml,1,2,Prescription
PRESCRIPTION ANIMAL DRUG,ANADA,ANADA200737,ENROFLOXACIN,ENROFLOXACIN,Enrofloxacin Flavored,ZYVET ANIMAL HEALTH INC.,"86117-007-04,86117-007-11,86117-008-04,86117-008-10",,,https://www.accessdata.fda.gov/spl/data/78233624-fb4e-4eee-a208-8013990fec9b/78233624-fb4e-4eee-a208-8013990fec9b.xml,1,4,Prescription
PRESCRIPTION ANIMAL DRUG,ANADA,ANADA200745,TULATHROMYCIN,TULATHROMYCIN,RESPIRmycin 25,Parnell Technologies Pty Ltd,"68504-005-01,68504-005-02",,,https://www.accessdata.fda.gov/spl/data/8397a610-988d-42b0-928b-bb22456d3b5a/8397a610-988d-42b0-928b-bb22456d3b5a.xml,1,2,Prescription
PRESCRIPTION ANIMAL DRUG,ANADA,ANADA200745,TULATHROMYCIN,TULATHROMYCIN,VACASAN 25,"Huvepharma, Inc.","23243-2825-1,23243-2825-2",,,https://www.accessdata.fda.gov/spl/data/59c491c7-986f-436f-95bc-fe0de0121668/59c491c7-986f-436f-95bc-fe0de0121668.xml,1,2,Prescription
PRESCRIPTION ANIMAL DRUG,ANADA,ANADA200752,DEXMEDETOMIDINE HYDROCHLORIDE,DEXMEDETOMIDINE HYDROCHLORIDE,Dexased,"ASPEN VETERINARY RESOURCES®, LTD",46066-088-13,,,https://www.accessdata.fda.gov/spl/data/f9491e38-76d2-4027-b2bb-d53bc89e7910/f9491e38-76d2-4027-b2bb-d53bc89e7910.xml,1,1,Prescription
PRESCRIPTION ANIMAL DRUG,ANADA,ANADA200752,DEXMEDETOMIDINE HYDROCHLORIDE,DEXMEDETOMIDINE HYDROCHLORIDE,DexmedVet,Cronus Pharma LLC,69043-038-10,,,https://www.accessdata.fda.gov/spl/data/75ad1a28-7807-4a52-b260-0cb7ac2e2cb2/75ad1a28-7807-4a52-b260-0cb7ac2e2cb2.xml,1,1,Prescription
PRESCRIPTION ANIMAL DRUG,ANADA,ANADA200752,DEXMEDETOMIDINE HYDROCHLORIDE,DEXMEDETOMIDINE HYDROCHLORIDE,Sedexodine,MWI Animal Health,86136-105-31,,,https://www.accessdata.fda.gov/spl/data/d2f000fa-1b47-43f6-aa50-e8005e98e083/d2f000fa-1b47-43f6-aa50-e8005e98e083.xml,1,1,Prescription
PRESCRIPTION ANIMAL DRUG,ANADA,ANADA200758,ENROFLOXACIN,ENROFLOXACIN,Enrofloxacin,FELIX PHARMACEUTICALS PRIVATE LIMITED,86101-048-43,,,https://www.accessdata.fda.gov/spl/data/953ae0af-9d3b-4cee-b3e9-003b1e7a4d89/953ae0af-9d3b-4cee-b3e9-003b1e7a4d89.xml,1,1,Prescription
PRESCRIPTION ANIMAL DRUG,ANADA,ANADA200759,FUROSEMIDE,FUROSEMIDE,Furosemide,ZYVET ANIMAL HEALTH INC.,"86117-016-12,86117-017-12",,,https://www.accessdata.fda.gov/spl/data/5c23e9ee-08a2-4c2d-9341-5c18ad28f5d7/5c23e9ee-08a2-4c2d-9341-5c18ad28f5d7.xml,1,2,Prescription
PRESCRIPTION ANIMAL DRUG,ANADA,ANADA200760,FLORFENICOL,FLORFENICOL,Florfeniject,Cronus Pharma LLC,"69043-044-10,69043-044-25,69043-044-50",,,https://www.accessdata.fda.gov/spl/data/98b9971d-cc6f-4dc6-832b-34683fdcd548/98b9971d-cc6f-4dc6-832b-34683fdcd548.xml,1,3,Prescription
PRESCRIPTION ANIMAL DRUG,ANADA,ANADA200764,ENROFLOXACIN,ENROFLOXACIN,EnroPro 22.7,Cronus Pharma LLC,"69043-047-02,69043-047-05",,,https://www.accessdata.fda.gov/spl/data/9a19d133-17bc-41e2-9cc1-4a476ac89bcb/9a19d133-17bc-41e2-9cc1-4a476ac89bcb.xml,1,2,Prescription
PRESCRIPTION ANIMAL DRUG,ANADA,ANADA200765,ENROFLOXACIN,ENROFLOXACIN,EnroPro 100,Cronus Pharma LLC,"69043-048-10,69043-048-25,69043-048-50",,,https://www.accessdata.fda.gov/spl/data/e217a260-a01c-42c3-9a2a-b606e96d5402/e217a260-a01c-42c3-9a2a-b606e96d5402.xml,1,3,Prescription
PRESCRIPTION ANIMAL DRUG,ANADA,ANADA200781,FLUNIXIN MEGLUMINE,FLUNIXIN MEGLUMINE,Flunine,Cronus Pharma LLC,"69043-055-10,69043-055-25,69043-055-50",,,https://www.accessdata.fda.gov/spl/data/f32c58b8-27f4-4983-8f8a-ee42ae68923f/f32c58b8-27f4-4983-8f8a-ee42ae68923f.xml,1,3,Prescription
PRESCRIPTION ANIMAL DRUG,ANADA,ANADA200824,DEXMEDETOMIDINE HYDROCHLORIDE,DEXMEDETOMIDINE HYDROCHLORIDE,DEXMEDETOMIDINE HYDROCHLORIDE,FELIX PHARMACEUTICALS PRIVATE LIMITED,86101-061-41,,,https://www.accessdata.fda.gov/spl/data/d9f09009-4f9c-46a8-b1e2-7af4efab1171/d9f09009-4f9c-46a8-b1e2-7af4efab1171.xml,1,1,Prescription
PRESCRIPTION ANIMAL DRUG,NADA,NADA011060,OXYTETRACYCLINE HYDROCHLORIDE,OXYTETRACYCLINE HYDROCHLORIDE,Terramycin Scours,Zoetis Inc.,"54771-1203-1,54771-1203-2",,,https://www.accessdata.fda.gov/spl/data/700565af-e9e4-4a37-9976-05fcf394cce1/700565af-e9e4-4a37-9976-05fcf394cce1.xml,1,2,Prescription
PRESCRIPTION ANIMAL DRUG,NADA,NADA012965,TYLOSIN,TYLOSIN,Tylan 200,Elanco US Inc.,"58198-0206-3,58198-0206-5",,,https://www.accessdata.fda.gov/spl/data/5bbe2a43-d82f-4068-afa9-c37e9d198cc7/5bbe2a43-d82f-4068-afa9-c37e9d198cc7.xml,1,2,Prescription
PRESCRIPTION ANIMAL DRUG,NADA,NADA012965,TYLOSIN,TYLOSIN,Tylan 50,Elanco US Inc.,58198-0205-1,,,https://www.accessdata.fda.gov/spl/data/924d6190-f80f-48dc-a2f9-b38e77dab138/924d6190-f80f-48dc-a2f9-b38e77dab138.xml,1,1,Prescription
PRESCRIPTION ANIMAL DRUG,NADA,NADA013076,TYLOSIN TARTRATE,TYLOSIN TARTRATE,Tylan Soluble,Elanco US Inc.,58198-1300-1,,,https://www.accessdata.fda.gov/spl/data/5de7d365-8c37-45f5-8567-f200bab92763/5de7d365-8c37-45f5-8567-f200bab92763.xml,1,1,Prescription
PRESCRIPTION ANIMAL DRUG,NADA,NADA015102,SULFADIMETHOXINE,SULFADIMETHOXINE,Albon,Zoetis Inc.,"54771-8431-1,54771-8432-1,54771-8433-1,54771-8433-2",,,https://www.accessdata.fda.gov/spl/data/a2fbb430-8b44-464c-b3d6-c2667233dfde/a2fbb430-8b44-464c-b3d6-c2667233dfde.xml,1,4,Prescription
PRESCRIPTION ANIMAL DRUG,NADA,NADA031715,SULFADIMETHOXINE,SULFADIMETHOXINE,Albon Bolus,Zoetis Inc.,"54771-8449-1,54771-8450-1,54771-8450-2",,,https://www.accessdata.fda.gov/spl/data/c3d97ecc-cdcf-4b55-8cbe-ae15dcb85887/c3d97ecc-cdcf-4b55-8cbe-ae15dcb85887.xml,1,3,Prescription
PRESCRIPTION ANIMAL DRUG,NADA,NADA034025,LINCOMYCIN HYDROCHLORIDE,LINCOMYCIN,Lincomix,Zoetis Inc.,"54771-0617-1,54771-3256-1",,,https://www.accessdata.fda.gov/spl/data/7817fdea-68aa-475a-b2f1-619daad26ec6/7817fdea-68aa-475a-b2f1-619daad26ec6.xml,1,2,Prescription
PRESCRIPTION ANIMAL DRUG,NADA,NADA034478,FUROSEMIDE,FUROSEMIDE,Salix,Merck Sharp & Dohme Corp.,57926-465-01,,,https://www.accessdata.fda.gov/spl/data/a72d4142-e1fa-4b92-b5a8-f67ebad35441/a72d4142-e1fa-4b92-b5a8-f67ebad35441.xml,1,1,Prescription
PRESCRIPTION ANIMAL DRUG,NADA,NADA034621,FUROSEMIDE,FUROSEMIDE,Salix,Merck Sharp & Dohme Corp.,"57926-463-30,57926-464-31",,,https://www.accessdata.fda.gov/spl/data/0b18f935-a249-4b27-98af-f8144646bbe6/0b18f935-a249-4b27-98af-f8144646bbe6.xml,1,2,Prescription
PRESCRIPTION ANIMAL DRUG,NADA,NADA038661,SPECTINOMYCIN,SPECTINOMYCIN,SpectoGard Water Soluble Powder,"Bimeda, Inc.",61133-5485-1,,,https://www.accessdata.fda.gov/spl/data/d40ec205-610b-498a-a9b7-6df82444c915/d40ec205-610b-498a-a9b7-6df82444c915.xml,1,1,Prescription
PRESCRIPTION ANIMAL DRUG,NADA,NADA043304,KETAMINE HYDROCHLORIDE,KETAMINE HYDROCHLORIDE,Ketaset,Zoetis Inc.,54771-2013-1,,,https://www.accessdata.fda.gov/spl/data/5dd14bef-8b7d-42c0-a77a-84d624f98ee1/5dd14bef-8b7d-42c0-a77a-84d624f98ee1.xml,1,1,Prescription
PRESCRIPTION ANIMAL DRUG,NADA,NADA043785,SULFADIMETHOXINE,SULFADIMETHOXINE,Albon,Zoetis Inc.,"54771-8435-1,54771-8435-2",,,https://www.accessdata.fda.gov/spl/data/ca4805ea-72db-4aa2-81d3-9d61cd479cd0/ca4805ea-72db-4aa2-81d3-9d61cd479cd0.xml,1,2,Prescription
PRESCRIPTION ANIMAL DRUG,NADA,NADA044756,PHENYLBUTAZONE,PHENYLBUTAZONE,Phenylbutazone,MWI Animal Health,13985-019-01,,,https://www.accessdata.fda.gov/spl/data/f33419c6-7b95-48bc-b36e-ae581996dcfe/f33419c6-7b95-48bc-b36e-ae581996dcfe.xml,1,1,Prescription
PRESCRIPTION ANIMAL DRUG,NADA,NADA045290,KETAMINE HYDROCHLORIDE,KETAMINE HYDROCHLORIDE,Ketamine hydrochloride,Covetrus North America,11695-0703-1,,,https://www.accessdata.fda.gov/spl/data/e8497336-0674-4846-a96c-026370c12c25/e8497336-0674-4846-a96c-026370c12c25.xml,1,1,Prescription
PRESCRIPTION ANIMAL DRUG,NADA,NADA045290,KETAMINE HYDROCHLORIDE,KETAMINE HYDROCHLORIDE,Zetamine,MWI/VetOne,13985-584-10,,,https://www.accessdata.fda.gov/spl/data/5a6dfc15-96e9-4ea2-9437-fda9071a5ca8/5a6dfc15-96e9-4ea2-9437-fda9071a5ca8.xml,1,1,Prescription
PRESCRIPTION ANIMAL DRUG,NADA,NADA047956,XYLAZINE,XYLAZINE,Rompun,"Dechra Vet Products, LLC",17033-099-05,,,https://www.accessdata.fda.gov/spl/data/b6ae48c8-dd07-400e-bbef-963891daed0b/b6ae48c8-dd07-400e-bbef-963891daed0b.xml,1,1,Prescription
PRESCRIPTION ANIMAL DRUG,NADA,NADA055030,AMPICILLIN TRIHYDRATE,AMPICILLIN,POLYFLEX,Boehringer Ingelheim Animal Health USA Inc.,0010-4712-02,,,https://www.accessdata.fda.gov/spl/data/47d52438-1cb4-4b84-a6b6-e55cefb0e9e9/47d52438-1cb4-4b84-a6b6-e55cefb0e9e9.xml,1,1,Prescription
PRESCRIPTION ANIMAL DRUG,NADA,NADA098379,GONADORELIN DIACETATE TETRAHYDRATE,GONADORELIN,CYSTORELIN,Boehringer Ingelheim Animal Health USA Inc.,"0010-8283-01,0010-8283-02,0010-8283-03,0010-8283-04,0010-8283-05",,,https://www.accessdata.fda.gov/spl/data/6969dfa1-25b1-4125-a9c8-fc21badcca29/6969dfa1-25b1-4125-a9c8-fc21badcca29.xml,1,5,Prescription
PRESCRIPTION ANIMAL DRUG,NADA,NADA101479,FLUNIXIN MEGLUMINE,FLUNIXIN MEGLUMINE,Banamine,Merck Sharp & Dohme Corp.,"0061-0851-03,0061-0851-04",,,https://www.accessdata.fda.gov/spl/data/40b0699d-1dd8-48ad-a5e7-b78f963583ce/40b0699d-1dd8-48ad-a5e7-b78f963583ce.xml,1,2,Prescription
PRESCRIPTION ANIMAL DRUG,NADA,NADA108901,DINOPROST TROMETHAMINE,DINOPROST TROMETHAMINE,Lutalyse Sterile,Zoetis Inc.,"54771-1327-1,54771-1327-2,54771-1327-3",,,https://www.accessdata.fda.gov/spl/data/25ecfae7-f1cd-49f9-b09f-900b43860b68/25ecfae7-f1cd-49f9-b09f-900b43860b68.xml,1,3,Prescription
PRESCRIPTION ANIMAL DRUG,NADA,NADA113232,OXYTETRACYCLINE,OXYTETRACYCLINE,Liquamycin LA-200,Zoetis Inc.,"54771-1140-1,54771-1140-2,54771-1140-3",,,https://www.accessdata.fda.gov/spl/data/3cf51502-a26c-4399-bef9-f6c101b58f11/3cf51502-a26c-4399-bef9-f6c101b58f11.xml,1,3,Prescription
PRESCRIPTION ANIMAL DRUG,NADA,NADA113645,CLOPROSTENOL SODIUM,CLOPROSTENOL SODIUM,Estrumate,Merck Sharp & Dohme Corp.,"0061-5995-01,0061-5995-02",,,https://www.accessdata.fda.gov/spl/data/eeeb15ae-7d78-4722-9a39-e7a5a3044b4e/eeeb15ae-7d78-4722-9a39-e7a5a3044b4e.xml,1,2,Prescription
PRESCRIPTION ANIMAL DRUG,NADA,NADA120615,SULFAMETHAZINE,SULFAMETHAZINE,Sustain III,"Bimeda, Inc.","61133-1331-1,61133-1331-2,61133-1331-3",,,https://www.accessdata.fda.gov/spl/data/7494b858-1d4b-465b-a2cd-d0f0ebec29b1/7494b858-1d4b-465b-a2cd-d0f0ebec29b1.xml,1,3,Prescription
PRESCRIPTION ANIMAL DRUG,NADA,NADA120615,SULFAMETHAZINE,SULFAMETHAZINE SUSTAINED RELEASE CALF,Sustain III Calf,"Bimeda, Inc.","61133-1333-1,61133-1333-2",,,https://www.accessdata.fda.gov/spl/data/7fd23d0d-5728-42d5-b010-edd095bd68f7/7fd23d0d-5728-42d5-b010-edd095bd68f7.xml,1,2,Prescription
PRESCRIPTION ANIMAL DRUG,NADA,NADA129034,FUROSEMIDE,FUROSEMIDE,Disal,Boehringer Ingelheim Animal Health USA Inc.,"0010-6738-01,0010-6739-01",,,https://www.accessdata.fda.gov/spl/data/65e5ad4b-06af-44d2-a03f-ff65f406643e/65e5ad4b-06af-44d2-a03f-ff65f406643e.xml,1,2,Prescription
PRESCRIPTION ANIMAL DRUG,NADA,NADA129034,FUROSEMIDE,FUROSEMIDE,Furosemide,Covetrus North America,"11695-0090-5,11695-0091-5",,,https://www.accessdata.fda.gov/spl/data/f20828d0-7bba-4b6a-a583-0a09962b3cb9/f20828d0-7bba-4b6a-a583-0a09962b3cb9.xml,1,2,Prescription
PRESCRIPTION ANIMAL DRUG,NADA,NADA129034,FUROSEMIDE,FUROSEMIDE,Furosemide,MWI/VetOne,"13985-585-50,13985-586-12",,,https://www.accessdata.fda.gov/spl/data/79963a8c-a226-4b47-b979-89ee87616c21/79963a8c-a226-4b47-b979-89ee87616c21.xml,1,2,Prescription
PRESCRIPTION ANIMAL DRUG,NADA,NADA130435,OXYTETRACYCLINE HYDROCHLORIDE,OXYTETRACYCLINE HYDROCHLORIDE,Oxytet Soluble,"Huvepharma, Inc","23243-6759-1,23243-6759-2,23243-6759-3",,,https://www.accessdata.fda.gov/spl/data/d393c46a-595d-462f-abde-d402644cc8ab/d393c46a-595d-462f-abde-d402644cc8ab.xml,1,3,Prescription
PRESCRIPTION ANIMAL DRUG,NADA,NADA131538,FUROSEMIDE,FUROSEMIDE,Disal,Boehringer Ingelheim Animal Health USA Inc.,0010-6737-01,,,https://www.accessdata.fda.gov/spl/data/6bb89430-4e09-424e-8bc5-0c001ad9c8b9/6bb89430-4e09-424e-8bc5-0c001ad9c8b9.xml,1,1,Prescription
PRESCRIPTION ANIMAL DRUG,NADA,NADA131538,FUROSEMIDE,FUROSEMIDE,Furosemide,Covetrus North America,11695-0092-1,,,https://www.accessdata.fda.gov/spl/data/e1bf1978-b1ff-48ed-b718-cfb1ae390fb8/e1bf1978-b1ff-48ed-b718-cfb1ae390fb8.xml,1,1,Prescription
PRESCRIPTION ANIMAL DRUG,NADA,NADA131538,FUROSEMIDE,FUROSEMIDE,Furosemide,MWI/VetOne,13985-581-10,,,https://www.accessdata.fda.gov/spl/data/48cac097-d78a-43cb-bd80-6c48aec33d12/48cac097-d78a-43cb-bd80-6c48aec33d12.xml,1,1,Prescription
PRESCRIPTION ANIMAL DRUG,NADA,NADA135780,BUTORPHANOL TARTRATE,BUTORPHANOL TARTRATE,Torbugesic,Zoetis Inc.,"54771-2033-1,54771-2033-2",,,https://www.accessdata.fda.gov/spl/data/06b6d50d-016b-4cf4-a48d-3d37d13e394e/06b6d50d-016b-4cf4-a48d-3d37d13e394e.xml,1,2,Prescription
PRESCRIPTION ANIMAL DRUG,NADA,NADA137409,FLUNIXIN MEGLUMINE,FLUNIXIN MEGLUMINE,Banamine,Merck Sharp & Dohme Corp.,0061-0214-02,,,https://www.accessdata.fda.gov/spl/data/cb943394-d763-4d44-8d33-5066303710b0/cb943394-d763-4d44-8d33-5066303710b0.xml,1,1,Prescription
PRESCRIPTION ANIMAL DRUG,NADA,NADA140338,CEFTIOFUR SODIUM,CEFTIOFUR SODIUM,Naxcel,Zoetis Inc.,"54771-3362-1,54771-3362-2",,,https://www.accessdata.fda.gov/spl/data/e9ca767e-7486-41c7-955c-e09ff45a2f6c/e9ca767e-7486-41c7-955c-e09ff45a2f6c.xml,1,2,Prescription
PRESCRIPTION ANIMAL DRUG,NADA,NADA140441,ENROFLOXACIN,ENROFLOXACIN,Baytril,Elanco US Inc.,"58198-0022-1,58198-0022-2,58198-0023-1,58198-0023-2,58198-0024-1,58198-0024-2,58198-0025-1,58198-0025-2,58198-0026-1,58198-0026-2",,,"https://www.accessdata.fda.gov/spl/data/0762105e-ac34-4aac-9009-954e55362796/0762105e-ac34-4aac-9009-954e55362796.xml,https://www.accessdata.fda.gov/spl/data/231f2605-7f3a-44ab-aa3e-f514dffcd264/231f2605-7f3a-44ab-aa3e-f514dffcd264.xml",1,10,Prescription
PRESCRIPTION ANIMAL DRUG,NADA,NADA140442,XYLAZINE HYDROCHLORIDE,XYLAZINE,Anased,Cronus Pharma LLC,69043-043-05,,,https://www.accessdata.fda.gov/spl/data/3f2a8b5c-4848-46e2-8d39-8a3dfd50a2de/3f2a8b5c-4848-46e2-8d39-8a3dfd50a2de.xml,1,1,Prescription
PRESCRIPTION ANIMAL DRUG,NADA,NADA140862,DETOMIDINE HYDROCHLORIDE,DETOMIDINE HYDROCHLORIDE,Dormosedan Sterile,Zoetis Inc.,"54771-6290-1,54771-6290-2",,,https://www.accessdata.fda.gov/spl/data/7da27da1-0f78-49d0-9eca-b631dbff8c86/7da27da1-0f78-49d0-9eca-b631dbff8c86.xml,1,2,Prescription
PRESCRIPTION ANIMAL DRUG,NADA,NADA140929,TILMICOSIN PHOSPHATE,TILMICOSIN PHOSPHATE,Micotil 300,Elanco US Inc.,58198-0230-2,,,https://www.accessdata.fda.gov/spl/data/91608c2e-2c6d-474f-9d6b-073985efa083/91608c2e-2c6d-474f-9d6b-073985efa083.xml,1,1,Prescription
PRESCRIPTION ANIMAL DRUG,NADA,NADA141063,FLORFENICOL,FLORFENICOL,Nuflor,Merck Sharp & Dohme Corp.,"0061-1116-04,0061-1116-05,0061-1116-06",,,https://www.accessdata.fda.gov/spl/data/86938034-50aa-441b-a6c7-2bfc7e67bb8c/86938034-50aa-441b-a6c7-2bfc7e67bb8c.xml,1,3,Prescription
PRESCRIPTION ANIMAL DRUG,NADA,NADA141063,FLORFENICOL,FLORFENICOL,Nuflor-S,Merck Sharp & Dohme Corp.,0061-5581-02,,,https://www.accessdata.fda.gov/spl/data/262cc323-53db-4e2c-bdc7-66c443775c09/262cc323-53db-4e2c-bdc7-66c443775c09.xml,1,1,Prescription
PRESCRIPTION ANIMAL DRUG,NADA,NADA141068,ENROFLOXACIN,ENROFLOXACIN,Baytril,Elanco US Inc.,"58198-0021-1,58198-0021-2,58198-0021-3,58198-0021-4,58198-0021-5",,,https://www.accessdata.fda.gov/spl/data/0b76d8da-6edd-4c2a-a794-e24dd545c1b9/0b76d8da-6edd-4c2a-a794-e24dd545c1b9.xml,1,5,Prescription
PRESCRIPTION ANIMAL DRUG,NADA,NADA141143,OXYTETRACYCLINE,OXYTETRACYCLINE,Noromycin 300 LA,Norbrook Laboratories Limited,"55529-015-02,55529-015-04,55529-015-05",,,https://www.accessdata.fda.gov/spl/data/281322ba-0aa3-4c8c-9403-cf1e7e778b52/281322ba-0aa3-4c8c-9403-cf1e7e778b52.xml,1,3,Prescription
PRESCRIPTION ANIMAL DRUG,NADA,NADA141189,MOXIDECTIN,MOXIDECTIN,ProHeart 6,Zoetis Inc.,"54771-3670-1,54771-3671-1,54771-3672-1",,,https://www.accessdata.fda.gov/spl/data/5927d202-f5e4-4cbd-9bca-ee14829a8aad/5927d202-f5e4-4cbd-9bca-ee14829a8aad.xml,1,3,Prescription
PRESCRIPTION ANIMAL DRUG,NADA,NADA141238,CEFTIOFUR HYDROCHLORIDE,CEFTIOFUR HYDROCHLORIDE,Spectramast LC,Zoetis Inc.,"54771-5279-1,54771-5279-2",,,https://www.accessdata.fda.gov/spl/data/b4c6617e-c811-4d66-b9df-c8f73ab9d599/b4c6617e-c811-4d66-b9df-c8f73ab9d599.xml,1,2,Prescription
PRESCRIPTION ANIMAL DRUG,NADA,NADA141239,CEFTIOFUR HYDROCHLORIDE,CEFTIOFUR HYDROCHLORIDE,Spectramast DC,Zoetis Inc.,"54771-5278-1,54771-5278-2",,,https://www.accessdata.fda.gov/spl/data/05ffa275-78c7-4b9e-978e-1990c80fc510/05ffa275-78c7-4b9e-978e-1990c80fc510.xml,1,2,Prescription
PRESCRIPTION ANIMAL DRUG,NADA,NADA141244,TULATHROMYCIN,TULATHROMYCIN,Draxxin,Zoetis Inc.,"54771-8174-1,54771-8174-2,54771-8174-3,54771-8174-4",,,https://www.accessdata.fda.gov/spl/data/09180f7b-f1f2-437c-b060-142b8ccfcbbb/09180f7b-f1f2-437c-b060-142b8ccfcbbb.xml,1,4,Prescription
PRESCRIPTION ANIMAL DRUG,NADA,NADA141267,DEXMEDETOMIDINE HYDROCHLORIDE,DEXMEDETOMIDINE HYDROCHLORIDE,Dexdomitor,Zoetis Inc.,"54771-2805-1,54771-2806-1",,,https://www.accessdata.fda.gov/spl/data/bd30d4a1-7f03-4eda-b090-e17103772343/bd30d4a1-7f03-4eda-b090-e17103772343.xml,1,2,Prescription
PRESCRIPTION ANIMAL DRUG,NADA,NADA141288,CEFTIOFUR HYDROCHLORIDE,CEFTIOFUR HYDROCHLORIDE,Excenel RTU EZ,Zoetis Inc.,"54771-5402-1,54771-5402-2",,,https://www.accessdata.fda.gov/spl/data/25ef3e9f-13e0-48e0-91f0-15a5abb6aeff/25ef3e9f-13e0-48e0-91f0-15a5abb6aeff.xml,1,2,Prescription
PRESCRIPTION ANIMAL DRUG,NADA,NADA141306,DETOMIDINE HYDROCHLORIDE,DETOMIDINE HYDROCHLORIDE,Dormosedan,Zoetis Inc.,54771-6291-1,,,https://www.accessdata.fda.gov/spl/data/6af9c26c-9d31-48b2-b1de-d0ef68d67528/6af9c26c-9d31-48b2-b1de-d0ef68d67528.xml,1,1,Prescription
PRESCRIPTION ANIMAL DRUG,NADA,NADA141327,EPRINOMECTIN,EPRINOMECTIN,LongRange,Boehringer Ingelheim Animal Health USA Inc.,"0010-7216-02,0010-7216-03,0010-7216-04",,,https://www.accessdata.fda.gov/spl/data/c35cb99a-13d1-4b70-a8be-cccc0015a6ce/c35cb99a-13d1-4b70-a8be-cccc0015a6ce.xml,1,3,Prescription
PRESCRIPTION ANIMAL DRUG,NADA,NADA141349,TULATHROMYCIN,TULATHROMYCIN,Draxxin 25,Zoetis Inc.,"54771-8725-1,54771-8725-2,54771-8725-3",,,https://www.accessdata.fda.gov/spl/data/ce3d84b1-c0bc-4523-a441-bc8475f58216/ce3d84b1-c0bc-4523-a441-bc8475f58216.xml,1,3,Prescription
PRESCRIPTION ANIMAL DRUG,NADA,NADA141361,TILMICOSIN PHOSPHATE,TILMICOSIN PHOSPHATE,Pulmotil AC,Elanco US Inc.,58198-0470-1,,,https://www.accessdata.fda.gov/spl/data/1ac0dbea-44b2-49fa-b9eb-e94fad982738/1ac0dbea-44b2-49fa-b9eb-e94fad982738.xml,1,1,Prescription
PRESCRIPTION ANIMAL DRUG,NADA,NADA141442,DINOPROST TROMETHAMINE,DINOPROST TROMETHAMINE,Lutalyse HighCon Sterile,Zoetis Inc.,"54771-1328-1,54771-1328-2,54771-1328-3",,,https://www.accessdata.fda.gov/spl/data/e1f6023c-3add-40d2-bb73-4fd4c049e321/e1f6023c-3add-40d2-bb73-4fd4c049e321.xml,1,3,Prescription
PRESCRIPTION ANIMAL DRUG,NADA,NADA141450,FLUNIXIN MEGLUMINE,FLUNIXIN MEGLUMINE,Banamine,Merck Sharp & Dohme Corp.,"0061-4363-01,0061-4363-02,0061-4363-03",,,https://www.accessdata.fda.gov/spl/data/2137850e-c283-4e44-bd21-6f4b757673b0/2137850e-c283-4e44-bd21-6f4b757673b0.xml,1,3,Prescription
PRESCRIPTION ANIMAL DRUG,NADA,NADA141519,MOXIDECTIN,MOXIDECTIN,ProHeart 12,Zoetis Inc.,"54771-0254-1,54771-0255-1,54771-0256-1",,,https://www.accessdata.fda.gov/spl/data/e7533db0-7310-442d-8c47-364207d70005/e7533db0-7310-442d-8c47-364207d70005.xml,1,3,Prescription
VFD TYPE A MEDICATED ARTICLE ANIMAL DRUG,ANADA,ANADA200484,TYLOSIN PHOSPHATE,TYLOSIN PHOSPHATE,Tylovet 100 Type A Medicated Article,"Huvepharma, Inc.",23243-2350-1,,,https://www.accessdata.fda.gov/spl/data/95f8073c-eb79-49ee-a73d-f7f7e62bb49e/95f8073c-eb79-49ee-a73d-f7f7e62bb49e.xml,1,1,VFD
VFD TYPE A MEDICATED ARTICLE ANIMAL DRUG,ANADA,ANADA200484,TYLOSIN PHOSPHATE,TYLOSIN PHOSPHATE,Tylovet 40 Type A Medicated Article,"Huvepharma, Inc.",23243-2355-1,,,https://www.accessdata.fda.gov/spl/data/c9c293f1-3ba4-4711-b477-f40fb9876f79/c9c293f1-3ba4-4711-b477-f40fb9876f79.xml,1,1,VFD
VFD TYPE A MEDICATED ARTICLE ANIMAL DRUG,ANADA,ANADA200509,TILMICOSIN PHOSPHATE,TILMICOSIN PHOSPHATE,Tilmovet 90 Type A Medicated Article,"Huvepharma, Inc.",23243-2395-4,,,https://www.accessdata.fda.gov/spl/data/fde40e9b-78a5-4fd8-ab64-a8b871e94e4a/fde40e9b-78a5-4fd8-ab64-a8b871e94e4a.xml,1,1,VFD
VFD TYPE A MEDICATED ARTICLE ANIMAL DRUG,ANADA,ANADA200510,CHLORTETRACYCLINE CALCIUM,CHLORTETRACYCLINE CALCIUM,Deracin 100 Meal,Pharmgate Animal Health,51429-105-05,,,https://www.accessdata.fda.gov/spl/data/fb272759-498e-4042-99a0-87f9bc6b6559/fb272759-498e-4042-99a0-87f9bc6b6559.xml,1,1,VFD
VFD TYPE A MEDICATED ARTICLE ANIMAL DRUG,ANADA,ANADA200510,CHLORTETRACYCLINE CALCIUM,CHLORTETRACYCLINE CALCIUM,Deracin 50 Meal,Pharmgate Animal Health,51429-052-05,,,https://www.accessdata.fda.gov/spl/data/7bd5bbc0-b8c1-499c-88c5-ee0b1eaf356e/7bd5bbc0-b8c1-499c-88c5-ee0b1eaf356e.xml,1,1,VFD
VFD TYPE A MEDICATED ARTICLE ANIMAL DRUG,ANADA,ANADA200510,CHLORTETRACYCLINE CALCIUM,CHLORTETRACYCLINE CALCIUM,Deracin 90 Meal,Pharmgate Animal Health,51429-092-05,,,https://www.accessdata.fda.gov/spl/data/5db4afbe-9f9b-4b03-9f92-4b80575560a2/5db4afbe-9f9b-4b03-9f92-4b80575560a2.xml,1,1,VFD
VFD TYPE A MEDICATED ARTICLE ANIMAL DRUG,ANADA,ANADA200803,FLORFENICOL,FLORFENICOL,PAQFLOR,Phibro Animal Health,"66104-8101-1,66104-8101-2",,,https://www.accessdata.fda.gov/spl/data/39764a20-7fe4-4379-bae0-244796454a94/39764a20-7fe4-4379-bae0-244796454a94.xml,1,2,VFD
VFD TYPE A MEDICATED ARTICLE ANIMAL DRUG,NADA,NADA012491,TYLOSIN PHOSPHATE,TYLOSIN PHOSPHATE,Tylan 100,Elanco US Inc.,58198-0099-1,,,https://www.accessdata.fda.gov/spl/data/33db31bb-a49b-42b9-8f02-8d7a99bb06ab/33db31bb-a49b-42b9-8f02-8d7a99bb06ab.xml,1,1,VFD
VFD TYPE A MEDICATED ARTICLE ANIMAL DRUG,NADA,NADA012491,TYLOSIN PHOSPHATE,TYLOSIN PHOSPHATE,Tylan 40,Elanco US Inc.,58198-0040-1,,,https://www.accessdata.fda.gov/spl/data/1a726480-6dca-4bed-b3c6-ce8f6c7e3462/1a726480-6dca-4bed-b3c6-ce8f6c7e3462.xml,1,1,VFD
VFD TYPE A MEDICATED ARTICLE ANIMAL DRUG,NADA,NADA038439,OXYTETRACYCLINE HYDROCHLORIDE,OXYTETRACYCLINE QUARTENARY SALT,Terramycin 200 for Fish,Phibro Animal Health,66104-7938-0,,,https://www.accessdata.fda.gov/spl/data/ae495c0a-d86d-474c-8b8c-1cbe805a8a94/ae495c0a-d86d-474c-8b8c-1cbe805a8a94.xml,1,1,VFD
VFD TYPE A MEDICATED ARTICLE ANIMAL DRUG,NADA,NADA095143,OXYTETRACYCLINE HYDROCHLORIDE,OXYTETRACYCLINE,Terramycin 100,Phibro Animal Health,66104-7100-0,,,https://www.accessdata.fda.gov/spl/data/45526c6c-2d2e-46c4-bba4-25a0334b42ae/45526c6c-2d2e-46c4-bba4-25a0334b42ae.xml,1,1,VFD
VFD TYPE A MEDICATED ARTICLE ANIMAL DRUG,NADA,NADA095143,OXYTETRACYCLINE HYDROCHLORIDE,OXYTETRACYCLINE,Terramycin 100 MR,Phibro Animal Health,66104-7940-0,,,https://www.accessdata.fda.gov/spl/data/b60754ba-9186-4690-ae45-f0cef7069823/b60754ba-9186-4690-ae45-f0cef7069823.xml,1,1,VFD
VFD TYPE A MEDICATED ARTICLE ANIMAL DRUG,NADA,NADA095143,OXYTETRACYCLINE HYDROCHLORIDE,OXYTETRACYCLINE,Terramycin 200,Phibro Animal Health,66104-7868-0,,,https://www.accessdata.fda.gov/spl/data/4540127f-3f9e-4d28-aa1e-eb6a55d7f9a9/4540127f-3f9e-4d28-aa1e-eb6a55d7f9a9.xml,1,1,VFD
VFD TYPE A MEDICATED ARTICLE ANIMAL DRUG,NADA,NADA095143,OXYTETRACYCLINE HYDROCHLORIDE,OXYTETRACYCLINE,Terramycin 200 Granular,Phibro Animal Health,66104-9701-1,,,https://www.accessdata.fda.gov/spl/data/60434171-2544-4787-a49e-8820c40f1278/60434171-2544-4787-a49e-8820c40f1278.xml,1,1,VFD
VFD TYPE A MEDICATED ARTICLE ANIMAL DRUG,NADA,NADA095143,OXYTETRACYCLINE HYDROCHLORIDE,OXYTETRACYCLINE,Terramycin 50,Phibro Animal Health,66104-7200-0,,,https://www.accessdata.fda.gov/spl/data/af75fcb5-ae86-4056-ac01-6937becf9dce/af75fcb5-ae86-4056-ac01-6937becf9dce.xml,1,1,VFD
VFD TYPE A MEDICATED ARTICLE ANIMAL DRUG,NADA,NADA097505,LINCOMYCIN HYDROCHLORIDE,LINCOMYCIN HYDROCHLORIDE,Lincomix 20,Zoetis Inc.,54771-1439-1,,,https://www.accessdata.fda.gov/spl/data/f471fff5-debb-421d-bc23-114efa984953/f471fff5-debb-421d-bc23-114efa984953.xml,1,1,VFD
VFD TYPE A MEDICATED ARTICLE ANIMAL DRUG,NADA,NADA097505,LINCOMYCIN HYDROCHLORIDE,LINCOMYCIN HYDROCHLORIDE,Lincomix 50,Zoetis Inc.,54771-1494-2,,,https://www.accessdata.fda.gov/spl/data/a643afad-ddda-4ed7-8ed9-fe976999ea4d/a643afad-ddda-4ed7-8ed9-fe976999ea4d.xml,1,1,VFD
VFD TYPE A MEDICATED ARTICLE ANIMAL DRUG,NADA,NADA138935,CHLORTETRACYCLINE CALCIUM,CHLORTETRACYCLINE CALCIUM,Pennchlor 100 Hi-Flo,Pharmgate Animal Health,51429-102-01,,,https://www.accessdata.fda.gov/spl/data/a97faefe-d444-4969-aae7-b663c20e8576/a97faefe-d444-4969-aae7-b663c20e8576.xml,1,1,VFD
VFD TYPE A MEDICATED ARTICLE ANIMAL DRUG,NADA,NADA138935,CHLORTETRACYCLINE CALCIUM,CHLORTETRACYCLINE CALCIUM,Pennchlor 100G,Pharmgate Animal Health,51429-101-01,,,https://www.accessdata.fda.gov/spl/data/bd12d536-ea13-462b-be93-14a4c690be12/bd12d536-ea13-462b-be93-14a4c690be12.xml,1,1,VFD
VFD TYPE A MEDICATED ARTICLE ANIMAL DRUG,NADA,NADA138935,CHLORTETRACYCLINE CALCIUM,CHLORTETRACYCLINE CALCIUM,Pennchlor 50,Pharmgate Animal Health,51429-050-01,,,https://www.accessdata.fda.gov/spl/data/e2afe2a9-2fcd-4b85-b8bb-27c0f88ad44f/e2afe2a9-2fcd-4b85-b8bb-27c0f88ad44f.xml,1,1,VFD
VFD TYPE A MEDICATED ARTICLE ANIMAL DRUG,NADA,NADA138935,CHLORTETRACYCLINE CALCIUM,CHLORTETRACYCLINE CALCIUM,Pennchlor 50G,Pharmgate Animal Health,51429-051-01,,,https://www.accessdata.fda.gov/spl/data/b383b39f-928f-4a53-b259-0ef51fadb45b/b383b39f-928f-4a53-b259-0ef51fadb45b.xml,1,1,VFD
VFD TYPE A MEDICATED ARTICLE ANIMAL DRUG,NADA,NADA138935,CHLORTETRACYCLINE CALCIUM,CHLORTETRACYCLINE CALCIUM,Pennchlor 90G,Pharmgate Animal Health,51429-091-01,,,https://www.accessdata.fda.gov/spl/data/cc0d1c01-0201-41f7-9a0f-e9f620ac6858/cc0d1c01-0201-41f7-9a0f-e9f620ac6858.xml,1,1,VFD
VFD TYPE A MEDICATED ARTICLE ANIMAL DRUG,NADA,NADA138938,OXYTETRACYCLINE,OXYTETRACYCLINE,Pennox 100 Hi-Flo,Pharmgate Animal Health,51429-103-02,,,https://www.accessdata.fda.gov/spl/data/6cb16820-cab8-4d19-9f6e-55cd435dd7b7/6cb16820-cab8-4d19-9f6e-55cd435dd7b7.xml,1,1,VFD
VFD TYPE A MEDICATED ARTICLE ANIMAL DRUG,NADA,NADA138938,OXYTETRACYCLINE,OXYTETRACYCLINE,Pennox 50,Pharmgate Animal Health,51429-053-02,,,https://www.accessdata.fda.gov/spl/data/5108f39f-e1ed-4b6b-bf7b-1715877ec7b2/5108f39f-e1ed-4b6b-bf7b-1715877ec7b2.xml,1,1,VFD
VFD TYPE A MEDICATED ARTICLE ANIMAL DRUG,NADA,NADA140863,RACTOPAMINE HYDROCHLORIDE,RACTOPAMINE HYDROCHLORIDE,Paylean 9,Elanco US Inc.,"58198-0602-8,58198-0602-9",,,https://www.accessdata.fda.gov/spl/data/30fbce85-6660-46c8-9be5-b70a74ebba82/30fbce85-6660-46c8-9be5-b70a74ebba82.xml,1,2,VFD
VFD TYPE A MEDICATED ARTICLE ANIMAL DRUG,NADA,NADA141064,TILMICOSIN PHOSPHATE,TILMICOSIN PHOSPHATE,Pulmotil 90,Elanco US Inc.,58198-0472-9,,,https://www.accessdata.fda.gov/spl/data/346b53cb-3ce0-4114-960e-3467116a094c/346b53cb-3ce0-4114-960e-3467116a094c.xml,1,1,VFD
VFD TYPE A MEDICATED ARTICLE ANIMAL DRUG,NADA,NADA141246,FLORFENICOL,FLORFENICOL,Aquaflor Type A Medicated Article,Merck Sharp & Dohme Corp.,0061-1355-01,,,https://www.accessdata.fda.gov/spl/data/79793f9f-f555-4bdf-829d-c4a448fef2d7/79793f9f-f555-4bdf-829d-c4a448fef2d7.xml,1,1,VFD
